{"stats":{"minecraft:custom":{"minecraft:interact_with_smithing_table":2,"minecraft:mob_kills":74,"minecraft:animals_bred":1,"minecraft:interact_with_crafting_table":101,"minecraft:bell_ring":36,"minecraft:leave_game":11,"minecraft:time_since_death":2861,"minecraft:climb_one_cm":2459,"minecraft:sprint_one_cm":1089318,"minecraft:walk_one_cm":735420,"minecraft:damage_blocked_by_shield":1391,"minecraft:drop":171,"minecraft:talked_to_villager":50,"minecraft:play_time":417269,"minecraft:sneak_time":41102,"minecraft:deaths":14,"minecraft:walk_under_water_one_cm":31112,"minecraft:boat_one_cm":961295,"minecraft:jump":8301,"minecraft:walk_on_water_one_cm":65062,"minecraft:total_world_time":417269,"minecraft:interact_with_furnace":117,"minecraft:traded_with_villager":384,"minecraft:sleep_in_bed":15,"minecraft:time_since_rest":2733,"minecraft:damage_absorbed":40,"minecraft:damage_taken":7669,"minecraft:damage_dealt":12214,"minecraft:swim_one_cm":136422,"minecraft:fly_one_cm":1929540,"minecraft:open_chest":87,"minecraft:crouch_one_cm":109277,"minecraft:interact_with_smoker":2,"minecraft:fall_one_cm":189418},"minecraft:killed_by":{"minecraft:player":3,"minecraft:drowned":4,"minecraft:skeleton":4,"minecraft:zombie":2},"minecraft:dropped":{"minecraft:iron_ingot":1,"minecraft:bread":219,"minecraft:oak_slab":5,"minecraft:wheat_seeds":43,"minecraft:golden_pickaxe":1,"minecraft:dripstone_block":2,"minecraft:rail":2,"minecraft:oxeye_daisy":4,"minecraft:dirt":2,"minecraft:wooden_axe":3,"minecraft:sand":2,"minecraft:iron_axe":1,"minecraft:string":1,"minecraft:birch_log":1,"minecraft:white_wool":2,"minecraft:redstone":6,"minecraft:bone":4,"minecraft:dandelion":5,"minecraft:stone_axe":3,"minecraft:sugar_cane":1,"minecraft:cobbled_deepslate":8,"minecraft:yellow_wool":2,"minecraft:birch_sapling":5,"minecraft:raw_iron":5,"minecraft:pointed_dripstone":4,"minecraft:rotten_flesh":9,"minecraft:azure_bluet":1,"minecraft:stone":14,"minecraft:shield":1,"minecraft:leather_boots":1,"minecraft:oak_sapling":78,"minecraft:spider_eye":1,"minecraft:arrow":12,"minecraft:stone_pickaxe":5,"minecraft:wooden_pickaxe":4,"minecraft:bell":2,"minecraft:egg":1},"minecraft:crafted":{"minecraft:grindstone":1,"minecraft:oak_planks":1920,"minecraft:redstone":22,"minecraft:birch_boat":1,"minecraft:furnace":4,"minecraft:stone":13,"minecraft:yellow_bed":1,"minecraft:bone_meal":3,"minecraft:cooked_mutton":12,"minecraft:iron_boots":1,"minecraft:iron_axe":2,"minecraft:ender_pearl":7,"minecraft:stone_pickaxe":6,"minecraft:chest":6,"minecraft:wheat":936,"minecraft:cooked_beef":14,"minecraft:oak_slab":12,"minecraft:emerald":336,"travelersbackpack:backpack_tank":2,"minecraft:cooked_porkchop":16,"minecraft:crafting_table":8,"minecraft:spruce_planks":3300,"minecraft:wooden_pickaxe":3,"minecraft:iron_helmet":3,"travelersbackpack:black_sleeping_bag":1,"minecraft:fletching_table":2,"minecraft:birch_planks":276,"minecraft:bucket":3,"minecraft:glowstone":8,"minecraft:stone_axe":13,"minecraft:bread":369,"minecraft:air":0,"minecraft:oak_boat":2,"minecraft:oak_fence_gate":11,"minecraft:book":3,"minecraft:iron_chestplate":2,"minecraft:paper":30,"minecraft:shield":3,"minecraft:stick":10628,"minecraft:stone_slab":12,"minecraft:iron_ingot":124,"minecraft:iron_pickaxe":3,"minecraft:wooden_axe":3,"minecraft:iron_shovel":3,"minecraft:iron_leggings":1,"minecraft:gold_ingot":4,"minecraft:white_bed":2,"minecraft:composter":1,"minecraft:torch":152,"minecraft:lapis_lazuli":12},"minecraft:broken":{"minecraft:iron_shovel":2,"minecraft:stone_pickaxe":3,"minecraft:iron_axe":2,"minecraft:stone_axe":10,"minecraft:iron_pickaxe":1,"minecraft:wooden_axe":1},"minecraft:used":{"minecraft:oak_fence":25,"minecraft:iron_shovel":644,"minecraft:stone_sword":3,"minecraft:chest":8,"minecraft:shield":23,"minecraft:bell":1,"minecraft:rotten_flesh":4,"minecraft:torch":154,"minecraft:brewing_stand":1,"minecraft:dirt":855,"minecraft:tuff":2,"minecraft:granite":2,"minecraft:oak_fence_gate":14,"minecraft:wooden_axe":219,"minecraft:iron_axe":461,"minecraft:glowstone":8,"minecraft:beef":1,"minecraft:oak_sapling":4,"minecraft:furnace":6,"minecraft:egg":7,"minecraft:cooked_beef":10,"minecraft:cobbled_deepslate":1,"minecraft:cooked_mutton":8,"minecraft:water_bucket":5,"minecraft:ender_pearl":2,"minecraft:stone_pickaxe":690,"minecraft:wooden_pickaxe":35,"minecraft:birch_boat":3,"minecraft:composter":8,"minecraft:fletching_table":8,"minecraft:white_wool":1,"minecraft:golden_apple":1,"minecraft:blast_furnace":1,"minecraft:crafting_table":22,"minecraft:white_bed":22,"minecraft:spruce_log":1,"minecraft:oak_log":3,"minecraft:bread":65,"minecraft:iron_pickaxe":297,"minecraft:spruce_sapling":24,"minecraft:stone_axe":1493,"minecraft:cobblestone":178,"minecraft:grindstone":1,"minecraft:cooked_porkchop":10,"minecraft:smithing_table":5,"minecraft:bucket":8,"minecraft:yellow_bed":18,"minecraft:oak_boat":24,"minecraft:bone_meal":3},"minecraft:picked_up":{"minecraft:wooden_axe":1,"minecraft:iron_chestplate":7,"minecraft:crafting_table":25,"minecraft:azure_bluet":1,"minecraft:chicken":16,"minecraft:yellow_wool":5,"minecraft:smithing_table":5,"minecraft:wooden_pickaxe":9,"minecraft:brewing_stand":1,"minecraft:shield":2,"minecraft:string":6,"minecraft:raw_copper":9,"minecraft:iron_axe":5,"minecraft:iron_leggings":9,"minecraft:cobbled_deepslate":785,"minecraft:bucket":1,"minecraft:beef":45,"minecraft:oak_boat":28,"minecraft:light_gray_wool":1,"minecraft:sugar_cane":38,"minecraft:chest":2,"minecraft:birch_sapling":14,"minecraft:furnace":3,"minecraft:iron_boots":5,"minecraft:egg":17,"minecraft:dark_oak_sapling":1,"minecraft:stick":585,"minecraft:raw_iron":226,"minecraft:stone":21,"minecraft:composter":7,"minecraft:copper_ingot":2,"minecraft:oak_fence":40,"minecraft:torch":155,"minecraft:porkchop":16,"minecraft:pointed_dripstone":7,"minecraft:diorite":15,"minecraft:carrot":36,"minecraft:redstone":32,"minecraft:stone_sword":3,"minecraft:arrow":72,"minecraft:rotten_flesh":32,"minecraft:hay_block":237,"minecraft:mutton":37,"minecraft:cobblestone":1090,"minecraft:rail":3,"minecraft:stripped_oak_log":1,"minecraft:white_wool":102,"minecraft:oxeye_daisy":4,"minecraft:birch_log":70,"minecraft:cooked_beef":6,"minecraft:water_bucket":2,"minecraft:andesite":12,"minecraft:brown_wool":5,"minecraft:leather":74,"minecraft:paper":63,"minecraft:flint":12,"minecraft:tuff":2,"minecraft:oak_log":487,"minecraft:yellow_bed":17,"minecraft:gunpowder":8,"minecraft:lapis_lazuli":175,"minecraft:dirt":964,"minecraft:leather_boots":5,"minecraft:cooked_mutton":6,"travelersbackpack:backpack_tank":2,"minecraft:bone":66,"minecraft:apple":35,"minecraft:bow":1,"minecraft:wheat_seeds":65,"minecraft:raw_gold":45,"minecraft:bell":3,"minecraft:iron_ingot":127,"minecraft:oak_fence_gate":3,"minecraft:stone_pickaxe":6,"minecraft:fletching_table":10,"minecraft:oak_planks":333,"minecraft:book":9,"minecraft:oak_slab":5,"minecraft:cooked_porkchop":8,"minecraft:birch_boat":2,"minecraft:pumpkin":3,"minecraft:dandelion":5,"minecraft:dripstone_block":5,"minecraft:gravel":57,"minecraft:sand":34,"minecraft:spruce_sapling":248,"minecraft:blast_furnace":1,"minecraft:white_bed":21,"minecraft:spruce_log":826,"minecraft:spider_eye":1,"minecraft:diamond":52,"minecraft:stone_axe":13,"minecraft:iron_helmet":3,"minecraft:granite":9,"minecraft:golden_apple":2,"minecraft:emerald":54,"minecraft:bread":384,"minecraft:oak_sapling":82,"minecraft:black_wool":4,"minecraft:coal":154},"minecraft:killed":{"minecraft:cave_spider":1,"minecraft:spider":8,"minecraft:skeleton":8,"minecraft:horse":1,"minecraft:pig":9,"minecraft:iron_golem":1,"minecraft:sheep":14,"minecraft:zombie":18,"minecraft:villager":1,"minecraft:cow":11},"minecraft:mined":{"minecraft:tuff":9,"minecraft:white_bed":19,"minecraft:oak_sapling":4,"minecraft:deepslate_diamond_ore":8,"minecraft:granite":12,"minecraft:grass_block":589,"minecraft:spruce_leaves":5,"minecraft:composter":7,"minecraft:oxeye_daisy":2,"minecraft:spawner":2,"minecraft:hay_block":145,"minecraft:tall_seagrass":10,"minecraft:carrots":5,"minecraft:furnace":2,"minecraft:iron_ore":120,"minecraft:andesite":18,"minecraft:deepslate_lapis_ore":3,"minecraft:fletching_table":7,"minecraft:azure_bluet":1,"minecraft:bell":1,"minecraft:pointed_dripstone":6,"minecraft:deepslate_iron_ore":24,"minecraft:dirt_path":20,"minecraft:rail":1,"minecraft:stripped_oak_log":1,"minecraft:stone":493,"minecraft:white_wool":6,"minecraft:smithing_table":5,"minecraft:podzol":2,"minecraft:dandelion":6,"minecraft:oak_fence":40,"minecraft:cornflower":1,"minecraft:crafting_table":14,"minecraft:torch":2,"minecraft:short_grass":410,"minecraft:blast_furnace":1,"minecraft:chest":2,"minecraft:dead_bush":1,"minecraft:copper_ore":5,"minecraft:tall_grass":36,"minecraft:cobblestone":16,"minecraft:deepslate_gold_ore":6,"minecraft:lapis_ore":1,"minecraft:oak_planks":1,"minecraft:sugar_cane":19,"minecraft:diorite":59,"minecraft:wall_torch":8,"minecraft:seagrass":6,"minecraft:yellow_wool":6,"minecraft:birch_log":73,"minecraft:white_carpet":1,"minecraft:spruce_log":1030,"minecraft:birch_leaves":4,"minecraft:yellow_bed":17,"minecraft:coal_ore":111,"minecraft:oak_log":511,"minecraft:oak_fence_gate":3,"minecraft:gravel":35,"minecraft:dirt":264,"minecraft:sand":34,"minecraft:dripstone_block":5,"minecraft:oak_leaves":23,"minecraft:deepslate":15,"minecraft:fern":4}},"DataVersion":3953}