{"stats":{"minecraft:killed_by":{"minecraft:creeper":1,"minecraft:drowned":4,"minecraft:zombie":2,"minecraft:player":3,"minecraft:skeleton":4},"minecraft:custom":{"minecraft:animals_bred":1,"minecraft:interact_with_crafting_table":166,"minecraft:bell_ring":36,"minecraft:leave_game":16,"minecraft:time_since_death":479192,"minecraft:sprint_one_cm":2309139,"minecraft:damage_blocked_by_shield":1391,"minecraft:drop":524,"minecraft:talked_to_villager":306,"minecraft:play_time":976598,"minecraft:deaths":15,"minecraft:jump":16449,"minecraft:interact_with_brewingstand":13,"minecraft:walk_on_water_one_cm":105158,"minecraft:interact_with_furnace":152,"minecraft:traded_with_villager":2671,"minecraft:sleep_in_bed":37,"minecraft:damage_dealt":25583,"minecraft:crouch_one_cm":269305,"minecraft:interact_with_smoker":2,"minecraft:interact_with_smithing_table":10,"minecraft:mob_kills":143,"minecraft:interact_with_anvil":24,"minecraft:climb_one_cm":3263,"minecraft:walk_one_cm":1801720,"minecraft:sneak_time":87014,"minecraft:walk_under_water_one_cm":48757,"minecraft:boat_one_cm":1106353,"minecraft:total_world_time":976598,"minecraft:interact_with_grindstone":2,"minecraft:time_since_rest":4733,"minecraft:damage_taken":12297,"minecraft:damage_absorbed":40,"minecraft:swim_one_cm":166042,"minecraft:fly_one_cm":3813277,"minecraft:open_chest":383,"minecraft:fall_one_cm":324910},"minecraft:dropped":{"minecraft:brown_mushroom":1,"minecraft:glow_ink_sac":5,"minecraft:golden_pickaxe":1,"minecraft:fletching_table":1,"minecraft:rail":6,"minecraft:dirt":13,"minecraft:cornflower":1,"minecraft:crimson_roots":1,"minecraft:sand":2,"minecraft:stripped_oak_wood":2,"minecraft:birch_log":1,"minecraft:white_wool":2,"minecraft:bone":4,"minecraft:gravel":17,"minecraft:crimson_fungus":1,"minecraft:stone_axe":22,"minecraft:blackstone":10,"minecraft:sugar_cane":1,"minecraft:cobbled_deepslate":12,"minecraft:birch_sapling":5,"minecraft:yellow_wool":2,"minecraft:pointed_dripstone":5,"minecraft:rotten_flesh":31,"minecraft:diamond_shovel":1,"minecraft:azure_bluet":1,"minecraft:leather_boots":1,"minecraft:basalt":4,"minecraft:arrow":12,"minecraft:beef":7,"minecraft:quartz":67,"minecraft:netherrack":346,"minecraft:egg":3,"minecraft:enchanted_book":4,"minecraft:iron_ingot":2,"minecraft:bread":416,"minecraft:oak_slab":27,"minecraft:wheat_seeds":60,"minecraft:dripstone_block":2,"minecraft:oak_fence":1,"minecraft:iron_helmet":1,"minecraft:cobblestone":213,"minecraft:apple":1,"minecraft:granite":21,"minecraft:coal":1,"minecraft:chainmail_helmet":8,"minecraft:oxeye_daisy":4,"minecraft:diorite":93,"minecraft:golden_carrot":1,"minecraft:ink_sac":3,"minecraft:wooden_axe":3,"minecraft:iron_leggings":1,"minecraft:iron_axe":13,"minecraft:chainmail_leggings":12,"minecraft:string":9,"minecraft:dandelion":7,"minecraft:redstone":6,"minecraft:raw_copper":11,"minecraft:raw_iron":6,"minecraft:iron_boots":8,"minecraft:stone":14,"minecraft:shield":1,"minecraft:diamond_pickaxe":1,"minecraft:iron_chestplate":1,"minecraft:andesite":12,"minecraft:oak_sapling":196,"minecraft:oak_boat":1,"minecraft:spider_eye":2,"minecraft:stone_pickaxe":5,"minecraft:bow":2,"minecraft:wooden_pickaxe":4,"minecraft:bell":2,"minecraft:nautilus_shell":1,"minecraft:magma_block":6},"minecraft:crafted":{"minecraft:grindstone":1,"minecraft:oak_planks":4984,"minecraft:chainmail_helmet":8,"minecraft:blaze_powder":12,"minecraft:birch_boat":1,"minecraft:stone":13,"minecraft:diamond_shovel":7,"minecraft:bookshelf":23,"minecraft:cooked_mutton":12,"minecraft:suspicious_stew":11,"minecraft:quartz_block":51,"minecraft:glass":31,"minecraft:diamond_helmet":1,"minecraft:bow":2,"minecraft:diamond_leggings":1,"minecraft:iron_boots":11,"minecraft:tipped_arrow":5,"minecraft:chest":20,"minecraft:glass_bottle":9,"minecraft:oak_slab":48,"travelersbackpack:iron_tier_upgrade":2,"minecraft:emerald":2383,"minecraft:cooked_porkchop":16,"minecraft:diamond_axe":7,"minecraft:crafting_table":8,"minecraft:spruce_planks":31964,"travelersbackpack:standard":3,"minecraft:wooden_pickaxe":3,"minecraft:iron_helmet":3,"minecraft:fletching_table":2,"minecraft:birch_planks":276,"minecraft:lectern":7,"minecraft:iron_chestplate":2,"minecraft:book":3,"minecraft:paper":30,"minecraft:diamond_pickaxe":2,"minecraft:shield":3,"minecraft:stick":73731,"minecraft:stone_slab":12,"minecraft:iron_ingot":304,"minecraft:iron_pickaxe":3,"minecraft:iron_block":3,"minecraft:gold_ingot":114,"minecraft:netherite_ingot":1,"minecraft:composter":1,"minecraft:spruce_fence_gate":5,"minecraft:golden_carrot":117,"minecraft:cookie":144,"minecraft:redstone":22,"minecraft:experience_bottle":16,"minecraft:furnace":4,"minecraft:yellow_bed":1,"minecraft:bone_meal":3,"minecraft:spruce_fence":6,"travelersbackpack:blank_upgrade":4,"travelersbackpack:gold_tier_upgrade":1,"minecraft:lantern":10,"minecraft:iron_axe":21,"minecraft:ender_pearl":19,"minecraft:stone_pickaxe":6,"minecraft:diamond_boots":6,"minecraft:spruce_boat":2,"minecraft:netherite_scrap":6,"minecraft:chainmail_leggings":12,"travelersbackpack:diamond_tier_upgrade":1,"minecraft:cooked_beef":14,"minecraft:wheat":1314,"minecraft:sugar":25,"minecraft:diamond_sword":1,"travelersbackpack:backpack_tank":4,"travelersbackpack:black_sleeping_bag":1,"minecraft:bucket":3,"minecraft:stone_axe":23,"minecraft:glowstone":8,"minecraft:enchanted_book":26,"minecraft:bread":495,"minecraft:air":0,"minecraft:oak_boat":4,"minecraft:oak_fence_gate":11,"minecraft:golden_apple":8,"minecraft:fermented_spider_eye":3,"minecraft:wooden_axe":3,"minecraft:iron_shovel":3,"minecraft:iron_leggings":1,"minecraft:anvil":1,"minecraft:white_bed":2,"minecraft:pumpkin_pie":52,"minecraft:torch":304,"minecraft:lapis_lazuli":12,"minecraft:diamond_chestplate":2},"minecraft:broken":{"minecraft:iron_shovel":2,"minecraft:stone_pickaxe":3,"minecraft:stone_axe":12,"minecraft:wooden_axe":1,"minecraft:iron_axe":12,"minecraft:iron_pickaxe":1},"minecraft:killed":{"minecraft:cave_spider":2,"minecraft:spider":14,"minecraft:skeleton":21,"minecraft:piglin":4,"minecraft:pig":9,"minecraft:zombie_villager":1,"minecraft:iron_golem":1,"minecraft:creeper":1,"minecraft:sheep":14,"minecraft:zombie":35,"minecraft:blaze":12,"minecraft:cow":16,"minecraft:horse":1,"minecraft:hoglin":1,"minecraft:wither_skeleton":2,"minecraft:villager":4},"minecraft:mined":{"minecraft:white_bed":19,"minecraft:oak_sapling":4,"minecraft:granite":75,"minecraft:grass_block":662,"minecraft:crimson_fungus":1,"minecraft:composter":7,"minecraft:nether_wart":10,"minecraft:oxeye_daisy":2,"minecraft:spawner":3,"minecraft:tall_seagrass":11,"minecraft:magma_block":25,"minecraft:iron_ore":264,"minecraft:fire":2,"minecraft:fletching_table":33,"minecraft:deepslate_lapis_ore":3,"minecraft:azure_bluet":1,"minecraft:pointed_dripstone":7,"minecraft:dirt_path":84,"minecraft:brown_mushroom":24,"minecraft:blackstone":18,"minecraft:torch":20,"minecraft:blast_furnace":1,"minecraft:chest":2,"minecraft:dead_bush":1,"minecraft:nether_quartz_ore":291,"minecraft:cobblestone":109,"minecraft:sugar_cane":30,"minecraft:oak_planks":10,"minecraft:wall_torch":45,"minecraft:seagrass":6,"minecraft:mud":1,"minecraft:yellow_wool":6,"minecraft:birch_log":73,"minecraft:stripped_oak_wood":2,"minecraft:oak_log":1332,"minecraft:oak_fence_gate":3,"minecraft:sand":65,"minecraft:dirt":376,"minecraft:netherrack":4463,"minecraft:ancient_debris":6,"minecraft:oak_leaves":35,"minecraft:deepslate":19,"minecraft:nether_gold_ore":69,"minecraft:tuff":9,"minecraft:deepslate_diamond_ore":21,"minecraft:nether_bricks":40,"minecraft:crimson_roots":1,"minecraft:spruce_leaves":92,"minecraft:large_fern":1,"minecraft:hay_block":145,"minecraft:spruce_sapling":57,"minecraft:furnace":2,"minecraft:carrots":5,"minecraft:andesite":73,"minecraft:gold_block":2,"minecraft:bell":1,"minecraft:nether_brick_fence":3,"minecraft:bookshelf":16,"minecraft:lantern":1,"minecraft:deepslate_iron_ore":28,"minecraft:rail":1,"minecraft:stripped_oak_log":1,"minecraft:stone":1661,"minecraft:white_wool":6,"minecraft:podzol":3,"minecraft:smithing_table":5,"minecraft:oak_slab":18,"minecraft:basalt":4,"minecraft:dandelion":8,"minecraft:oak_fence":83,"minecraft:crafting_table":17,"minecraft:cornflower":2,"minecraft:short_grass":561,"minecraft:lectern":47,"minecraft:tall_grass":45,"minecraft:copper_ore":7,"minecraft:lapis_ore":2,"minecraft:deepslate_gold_ore":9,"minecraft:diorite":243,"minecraft:white_carpet":1,"minecraft:spruce_log":10616,"minecraft:birch_leaves":4,"minecraft:yellow_bed":18,"minecraft:coal_ore":176,"minecraft:gravel":93,"minecraft:dripstone_block":5,"minecraft:spruce_fence_gate":4,"minecraft:gold_ore":11,"minecraft:fern":11},"minecraft:used":{"minecraft:iron_shovel":644,"minecraft:chest":20,"minecraft:shield":23,"minecraft:bell":1,"minecraft:rotten_flesh":5,"minecraft:tuff":2,"minecraft:spruce_boat":2,"minecraft:lantern":7,"minecraft:oak_sapling":68,"minecraft:furnace":6,"minecraft:egg":11,"minecraft:stone_pickaxe":690,"minecraft:ender_pearl":4,"minecraft:wooden_pickaxe":35,"minecraft:composter":8,"minecraft:diamond_axe":6672,"minecraft:white_wool":1,"minecraft:golden_apple":1,"minecraft:blast_furnace":1,"minecraft:bread":76,"minecraft:lectern":53,"minecraft:diamond_sword":9,"minecraft:grindstone":1,"minecraft:smithing_table":5,"minecraft:oak_boat":31,"minecraft:air":1,"minecraft:bone_meal":3,"minecraft:experience_bottle":16,"minecraft:oak_fence":28,"minecraft:stone_sword":3,"minecraft:netherrack":920,"minecraft:torch":313,"minecraft:brewing_stand":1,"minecraft:dirt":1088,"minecraft:anvil":1,"minecraft:granite":2,"minecraft:spruce_fence":4,"minecraft:oak_fence_gate":14,"minecraft:wooden_axe":219,"minecraft:bookshelf":16,"minecraft:iron_axe":4388,"minecraft:glowstone":8,"minecraft:golden_carrot":74,"minecraft:beef":2,"minecraft:cooked_beef":10,"minecraft:cobbled_deepslate":1,"minecraft:cooked_mutton":8,"minecraft:water_bucket":13,"minecraft:glass_bottle":10,"minecraft:birch_boat":3,"minecraft:fletching_table":34,"minecraft:spruce_fence_gate":9,"minecraft:crafting_table":26,"minecraft:white_bed":22,"minecraft:spruce_log":5,"minecraft:oak_log":3,"minecraft:mud":1,"minecraft:diamond_pickaxe":6791,"minecraft:diamond_shovel":181,"minecraft:iron_pickaxe":297,"minecraft:suspicious_stew":1,"minecraft:spruce_sapling":957,"minecraft:stone_axe":2138,"minecraft:potion":1,"travelersbackpack:standard":1,"minecraft:cobblestone":534,"minecraft:cooked_porkchop":10,"minecraft:bucket":16,"minecraft:yellow_bed":19,"minecraft:splash_potion":8},"minecraft:picked_up":{"minecraft:wooden_axe":1,"minecraft:iron_chestplate":7,"minecraft:yellow_wool":5,"minecraft:smithing_table":5,"minecraft:brewing_stand":1,"minecraft:string":14,"minecraft:raw_copper":20,"minecraft:iron_leggings":9,"minecraft:diamond_leggings":1,"minecraft:gold_nugget":547,"minecraft:cobbled_deepslate":789,"minecraft:bucket":1,"minecraft:spruce_planks":110,"minecraft:furnace":3,"minecraft:iron_boots":5,"minecraft:stick":1198,"minecraft:composter":7,"minecraft:oak_fence":84,"minecraft:torch":214,"minecraft:porkchop":16,"minecraft:pointed_dripstone":8,"minecraft:diorite":175,"minecraft:stone_sword":3,"minecraft:rotten_flesh":56,"minecraft:blaze_rod":6,"minecraft:cobblestone":2141,"minecraft:nautilus_shell":1,"minecraft:birch_log":70,"minecraft:magma_block":6,"minecraft:cooked_beef":6,"minecraft:water_bucket":2,"minecraft:andesite":65,"minecraft:brown_wool":5,"minecraft:flint":23,"minecraft:tuff":2,"minecraft:lapis_lazuli":180,"minecraft:dirt":1276,"minecraft:lantern":2,"minecraft:leather_boots":5,"minecraft:bone":76,"travelersbackpack:backpack_tank":2,"minecraft:bow":3,"minecraft:wheat_seeds":87,"minecraft:raw_gold":64,"minecraft:bell":3,"minecraft:diamond_helmet":1,"minecraft:fletching_table":37,"minecraft:oak_planks":342,"minecraft:cooked_porkchop":8,"minecraft:sand":65,"minecraft:ink_sac":3,"minecraft:spruce_fence_gate":4,"minecraft:diamond":70,"minecraft:spruce_boat":2,"minecraft:granite":65,"minecraft:golden_apple":2,"minecraft:emerald":68,"minecraft:bread":398,"minecraft:oak_sapling":264,"minecraft:netherrack":1453,"minecraft:mud":1,"minecraft:crimson_roots":1,"minecraft:diamond_pickaxe":1,"minecraft:crafting_table":28,"minecraft:azure_bluet":1,"minecraft:chicken":16,"minecraft:nether_wart":46,"minecraft:brown_mushroom":24,"minecraft:wooden_pickaxe":9,"minecraft:gold_block":2,"minecraft:shield":2,"minecraft:cornflower":1,"minecraft:iron_axe":9,"minecraft:blackstone":10,"minecraft:beef":56,"minecraft:oak_boat":34,"minecraft:light_gray_wool":1,"minecraft:lectern":47,"minecraft:sugar_cane":63,"minecraft:chest":2,"minecraft:birch_sapling":14,"minecraft:egg":22,"minecraft:dark_oak_sapling":1,"minecraft:raw_iron":418,"minecraft:stone":21,"minecraft:copper_ingot":2,"minecraft:carrot":36,"minecraft:redstone":32,"minecraft:arrow":81,"minecraft:diamond_chestplate":1,"minecraft:nether_bricks":9,"minecraft:hay_block":237,"minecraft:mutton":37,"minecraft:rail":10,"minecraft:white_wool":102,"minecraft:oxeye_daisy":4,"minecraft:stripped_oak_log":1,"minecraft:basalt":4,"minecraft:golden_carrot":43,"minecraft:glow_ink_sac":5,"minecraft:leather":81,"minecraft:crimson_fungus":1,"minecraft:oak_log":1306,"minecraft:ancient_debris":6,"minecraft:yellow_bed":18,"minecraft:gunpowder":9,"minecraft:paper":63,"minecraft:cooked_mutton":6,"travelersbackpack:cow":1,"minecraft:apple":55,"minecraft:oak_fence_gate":3,"minecraft:iron_ingot":155,"minecraft:stone_pickaxe":6,"minecraft:stripped_oak_wood":2,"minecraft:book":60,"minecraft:oak_slab":23,"minecraft:birch_boat":2,"minecraft:pumpkin":3,"minecraft:quartz":339,"minecraft:dandelion":7,"minecraft:dripstone_block":5,"minecraft:gravel":106,"minecraft:blast_furnace":1,"minecraft:spruce_sapling":1167,"minecraft:white_bed":21,"minecraft:spruce_log":11052,"minecraft:spider_eye":5,"minecraft:stone_axe":24,"minecraft:iron_helmet":3,"minecraft:black_wool":4,"minecraft:coal":244}},"DataVersion":3953}