{"stats":{"minecraft:custom":{"minecraft:interact_with_smithing_table":3,"minecraft:mob_kills":81,"minecraft:animals_bred":1,"minecraft:interact_with_crafting_table":121,"minecraft:bell_ring":36,"minecraft:leave_game":12,"minecraft:time_since_death":47819,"minecraft:climb_one_cm":2459,"minecraft:sprint_one_cm":1198961,"minecraft:walk_one_cm":837350,"minecraft:damage_blocked_by_shield":1391,"minecraft:drop":211,"minecraft:talked_to_villager":68,"minecraft:play_time":462227,"minecraft:sneak_time":41967,"minecraft:deaths":14,"minecraft:walk_under_water_one_cm":31660,"minecraft:boat_one_cm":971202,"minecraft:jump":9077,"minecraft:walk_on_water_one_cm":68246,"minecraft:total_world_time":462227,"minecraft:interact_with_furnace":122,"minecraft:traded_with_villager":555,"minecraft:sleep_in_bed":15,"minecraft:time_since_rest":47691,"minecraft:damage_absorbed":40,"minecraft:damage_taken":8701,"minecraft:damage_dealt":13628,"minecraft:swim_one_cm":143710,"minecraft:fly_one_cm":2123076,"minecraft:open_chest":111,"minecraft:crouch_one_cm":113549,"minecraft:interact_with_smoker":2,"minecraft:fall_one_cm":205713},"minecraft:killed_by":{"minecraft:player":3,"minecraft:drowned":4,"minecraft:skeleton":4,"minecraft:zombie":2},"minecraft:dropped":{"minecraft:iron_ingot":2,"minecraft:bread":249,"minecraft:oak_slab":7,"minecraft:wheat_seeds":43,"minecraft:golden_pickaxe":1,"minecraft:dripstone_block":2,"minecraft:apple":1,"minecraft:rail":2,"minecraft:oxeye_daisy":4,"minecraft:dirt":9,"minecraft:ink_sac":3,"minecraft:wooden_axe":3,"minecraft:sand":2,"minecraft:iron_axe":1,"minecraft:string":1,"minecraft:birch_log":1,"minecraft:white_wool":2,"minecraft:redstone":6,"minecraft:bone":4,"minecraft:dandelion":5,"minecraft:stone_axe":3,"minecraft:sugar_cane":1,"minecraft:cobbled_deepslate":8,"minecraft:yellow_wool":2,"minecraft:birch_sapling":5,"minecraft:raw_iron":5,"minecraft:pointed_dripstone":4,"minecraft:rotten_flesh":18,"minecraft:azure_bluet":1,"minecraft:stone":14,"minecraft:shield":1,"minecraft:leather_boots":1,"minecraft:oak_sapling":179,"minecraft:spider_eye":1,"minecraft:arrow":12,"minecraft:stone_pickaxe":5,"minecraft:wooden_pickaxe":4,"minecraft:bell":2,"minecraft:nautilus_shell":1,"minecraft:egg":1},"minecraft:crafted":{"minecraft:grindstone":1,"minecraft:cookie":144,"minecraft:oak_planks":3940,"minecraft:redstone":22,"minecraft:birch_boat":1,"minecraft:furnace":4,"minecraft:stone":13,"minecraft:yellow_bed":1,"minecraft:bone_meal":3,"minecraft:bookshelf":5,"travelersbackpack:blank_upgrade":4,"minecraft:suspicious_stew":11,"minecraft:cooked_mutton":12,"minecraft:glass":31,"minecraft:iron_boots":1,"minecraft:iron_axe":5,"minecraft:ender_pearl":7,"minecraft:stone_pickaxe":6,"minecraft:chest":16,"minecraft:wheat":936,"minecraft:cooked_beef":14,"minecraft:oak_slab":18,"travelersbackpack:iron_tier_upgrade":1,"minecraft:emerald":431,"minecraft:cooked_porkchop":16,"minecraft:crafting_table":8,"minecraft:spruce_planks":3300,"travelersbackpack:standard":2,"travelersbackpack:backpack_tank":4,"minecraft:wooden_pickaxe":3,"minecraft:iron_helmet":3,"minecraft:birch_planks":276,"minecraft:fletching_table":2,"travelersbackpack:black_sleeping_bag":1,"minecraft:bucket":3,"minecraft:stone_axe":13,"minecraft:glowstone":8,"minecraft:enchanted_book":1,"minecraft:bread":369,"minecraft:air":0,"minecraft:oak_boat":2,"minecraft:oak_fence_gate":11,"minecraft:lectern":1,"minecraft:book":3,"minecraft:iron_chestplate":2,"minecraft:paper":30,"minecraft:shield":3,"minecraft:stick":13971,"minecraft:stone_slab":12,"minecraft:iron_ingot":124,"minecraft:iron_pickaxe":3,"minecraft:wooden_axe":3,"minecraft:iron_shovel":3,"minecraft:gold_ingot":4,"minecraft:iron_leggings":1,"minecraft:pumpkin_pie":52,"minecraft:white_bed":2,"minecraft:composter":1,"minecraft:torch":152,"minecraft:lapis_lazuli":12,"minecraft:golden_carrot":117},"minecraft:broken":{"minecraft:iron_shovel":2,"minecraft:stone_pickaxe":3,"minecraft:iron_axe":5,"minecraft:stone_axe":10,"minecraft:iron_pickaxe":1,"minecraft:wooden_axe":1},"minecraft:used":{"minecraft:oak_fence":25,"minecraft:iron_shovel":644,"minecraft:stone_sword":3,"minecraft:chest":16,"minecraft:shield":23,"minecraft:bell":1,"minecraft:rotten_flesh":4,"minecraft:torch":154,"minecraft:brewing_stand":1,"minecraft:dirt":859,"minecraft:tuff":2,"minecraft:granite":2,"minecraft:oak_fence_gate":14,"minecraft:wooden_axe":219,"minecraft:bookshelf":2,"minecraft:iron_axe":1305,"minecraft:golden_carrot":8,"minecraft:glowstone":8,"minecraft:beef":2,"minecraft:oak_sapling":68,"minecraft:furnace":6,"minecraft:egg":8,"minecraft:cooked_beef":10,"minecraft:cobbled_deepslate":1,"minecraft:cooked_mutton":8,"minecraft:water_bucket":5,"minecraft:stone_pickaxe":690,"minecraft:wooden_pickaxe":35,"minecraft:birch_boat":3,"minecraft:composter":8,"minecraft:fletching_table":20,"minecraft:ender_pearl":2,"minecraft:white_wool":1,"minecraft:golden_apple":1,"minecraft:blast_furnace":1,"minecraft:crafting_table":23,"minecraft:white_bed":22,"minecraft:spruce_log":1,"minecraft:oak_log":3,"minecraft:bread":72,"minecraft:suspicious_stew":1,"minecraft:iron_pickaxe":297,"minecraft:lectern":3,"minecraft:spruce_sapling":24,"minecraft:stone_axe":1544,"travelersbackpack:standard":1,"minecraft:cobblestone":178,"minecraft:grindstone":1,"minecraft:smithing_table":5,"minecraft:cooked_porkchop":10,"minecraft:bucket":8,"minecraft:yellow_bed":18,"minecraft:oak_boat":25,"minecraft:bone_meal":3},"minecraft:picked_up":{"minecraft:wooden_axe":1,"minecraft:iron_chestplate":7,"minecraft:crafting_table":25,"minecraft:azure_bluet":1,"minecraft:chicken":16,"minecraft:yellow_wool":5,"minecraft:smithing_table":5,"minecraft:wooden_pickaxe":9,"minecraft:brewing_stand":1,"minecraft:shield":2,"minecraft:string":6,"minecraft:raw_copper":9,"minecraft:iron_axe":5,"minecraft:iron_leggings":9,"minecraft:cobbled_deepslate":785,"minecraft:bucket":1,"minecraft:beef":49,"minecraft:oak_boat":29,"minecraft:lectern":2,"minecraft:light_gray_wool":1,"minecraft:sugar_cane":38,"minecraft:chest":2,"minecraft:birch_sapling":14,"minecraft:furnace":3,"minecraft:iron_boots":5,"minecraft:egg":17,"minecraft:raw_iron":226,"minecraft:dark_oak_sapling":1,"minecraft:stick":676,"minecraft:stone":21,"minecraft:composter":7,"minecraft:copper_ingot":2,"minecraft:oak_fence":40,"minecraft:torch":155,"minecraft:porkchop":16,"minecraft:pointed_dripstone":7,"minecraft:diorite":15,"minecraft:carrot":36,"minecraft:redstone":32,"minecraft:stone_sword":3,"minecraft:arrow":72,"minecraft:rotten_flesh":41,"minecraft:hay_block":237,"minecraft:nautilus_shell":1,"minecraft:oxeye_daisy":4,"minecraft:mutton":37,"minecraft:rail":3,"minecraft:white_wool":102,"minecraft:cobblestone":1090,"minecraft:birch_log":70,"minecraft:stripped_oak_log":1,"minecraft:cooked_beef":6,"minecraft:water_bucket":2,"minecraft:andesite":12,"minecraft:leather":78,"minecraft:brown_wool":5,"minecraft:flint":12,"minecraft:tuff":2,"minecraft:oak_log":1184,"minecraft:yellow_bed":17,"minecraft:gunpowder":8,"minecraft:lapis_lazuli":175,"minecraft:dirt":967,"minecraft:paper":63,"minecraft:cooked_mutton":6,"minecraft:leather_boots":5,"travelersbackpack:backpack_tank":2,"minecraft:bone":66,"minecraft:apple":54,"minecraft:bow":1,"minecraft:wheat_seeds":65,"minecraft:raw_gold":45,"minecraft:bell":3,"minecraft:iron_ingot":128,"minecraft:oak_fence_gate":3,"minecraft:stone_pickaxe":6,"minecraft:fletching_table":23,"minecraft:oak_planks":333,"minecraft:book":15,"minecraft:oak_slab":5,"minecraft:cooked_porkchop":8,"minecraft:birch_boat":2,"minecraft:pumpkin":3,"minecraft:dandelion":5,"minecraft:dripstone_block":5,"minecraft:gravel":57,"minecraft:sand":65,"minecraft:ink_sac":3,"minecraft:spruce_sapling":248,"minecraft:blast_furnace":1,"minecraft:white_bed":21,"minecraft:spruce_log":826,"minecraft:spider_eye":1,"minecraft:diamond":52,"minecraft:stone_axe":13,"minecraft:iron_helmet":3,"minecraft:granite":9,"minecraft:golden_apple":2,"minecraft:emerald":68,"minecraft:bread":396,"minecraft:oak_sapling":247,"minecraft:black_wool":4,"minecraft:coal":154},"minecraft:killed":{"minecraft:cave_spider":1,"minecraft:spider":9,"minecraft:horse":1,"minecraft:skeleton":8,"minecraft:pig":9,"minecraft:iron_golem":1,"minecraft:sheep":14,"minecraft:zombie":22,"minecraft:villager":1,"minecraft:cow":13},"minecraft:mined":{"minecraft:tuff":9,"minecraft:white_bed":19,"minecraft:oak_sapling":4,"minecraft:deepslate_diamond_ore":8,"minecraft:granite":12,"minecraft:grass_block":590,"minecraft:spruce_leaves":5,"minecraft:composter":7,"minecraft:oxeye_daisy":2,"minecraft:spawner":2,"minecraft:hay_block":145,"minecraft:tall_seagrass":10,"minecraft:carrots":5,"minecraft:furnace":2,"minecraft:iron_ore":120,"minecraft:andesite":18,"minecraft:deepslate_lapis_ore":3,"minecraft:fletching_table":20,"minecraft:azure_bluet":1,"minecraft:bell":1,"minecraft:bookshelf":2,"minecraft:pointed_dripstone":6,"minecraft:deepslate_iron_ore":24,"minecraft:dirt_path":20,"minecraft:rail":1,"minecraft:stripped_oak_log":1,"minecraft:stone":493,"minecraft:white_wool":6,"minecraft:smithing_table":5,"minecraft:podzol":2,"minecraft:dandelion":6,"minecraft:oak_fence":40,"minecraft:cornflower":1,"minecraft:torch":2,"minecraft:crafting_table":14,"minecraft:short_grass":415,"minecraft:blast_furnace":1,"minecraft:lectern":2,"minecraft:chest":2,"minecraft:dead_bush":1,"minecraft:copper_ore":5,"minecraft:tall_grass":37,"minecraft:cobblestone":16,"minecraft:deepslate_gold_ore":6,"minecraft:lapis_ore":1,"minecraft:oak_planks":1,"minecraft:sugar_cane":19,"minecraft:diorite":59,"minecraft:wall_torch":8,"minecraft:seagrass":6,"minecraft:yellow_wool":6,"minecraft:birch_log":73,"minecraft:white_carpet":1,"minecraft:spruce_log":1030,"minecraft:birch_leaves":4,"minecraft:yellow_bed":17,"minecraft:coal_ore":111,"minecraft:oak_log":1260,"minecraft:oak_fence_gate":3,"minecraft:gravel":35,"minecraft:dirt":267,"minecraft:sand":65,"minecraft:dripstone_block":5,"minecraft:oak_leaves":33,"minecraft:deepslate":15,"minecraft:fern":4}},"DataVersion":3953}