{"stats":{"minecraft:custom":{"minecraft:animals_bred":1,"minecraft:interact_with_crafting_table":132,"minecraft:bell_ring":36,"minecraft:leave_game":13,"minecraft:time_since_death":121499,"minecraft:sprint_one_cm":1605070,"minecraft:damage_blocked_by_shield":1391,"minecraft:drop":460,"minecraft:talked_to_villager":177,"minecraft:play_time":618905,"minecraft:deaths":15,"minecraft:jump":11883,"minecraft:interact_with_brewingstand":1,"minecraft:walk_on_water_one_cm":89819,"minecraft:interact_with_furnace":132,"minecraft:traded_with_villager":1583,"minecraft:sleep_in_bed":25,"minecraft:damage_dealt":18771,"minecraft:crouch_one_cm":141505,"minecraft:interact_with_smoker":2,"minecraft:interact_with_smithing_table":3,"minecraft:mob_kills":108,"minecraft:climb_one_cm":2459,"minecraft:walk_one_cm":1119769,"minecraft:sneak_time":51807,"minecraft:walk_under_water_one_cm":33386,"minecraft:boat_one_cm":986494,"minecraft:total_world_time":618905,"minecraft:time_since_rest":20540,"minecraft:damage_taken":10500,"minecraft:damage_absorbed":40,"minecraft:swim_one_cm":148758,"minecraft:fly_one_cm":2807983,"minecraft:open_chest":196,"minecraft:fall_one_cm":254976},"minecraft:picked_up":{"minecraft:wooden_axe":1,"minecraft:iron_chestplate":7,"minecraft:yellow_wool":5,"minecraft:smithing_table":5,"minecraft:brewing_stand":1,"minecraft:string":13,"minecraft:raw_copper":9,"minecraft:iron_leggings":9,"minecraft:diamond_leggings":1,"minecraft:cobbled_deepslate":789,"minecraft:bucket":1,"minecraft:spruce_planks":70,"minecraft:furnace":3,"minecraft:iron_boots":5,"minecraft:stick":932,"minecraft:composter":7,"minecraft:oak_fence":41,"minecraft:torch":167,"minecraft:porkchop":16,"minecraft:pointed_dripstone":8,"minecraft:diorite":44,"minecraft:stone_sword":3,"minecraft:rotten_flesh":47,"minecraft:cobblestone":1302,"minecraft:nautilus_shell":1,"minecraft:birch_log":70,"minecraft:cooked_beef":6,"minecraft:water_bucket":2,"minecraft:andesite":24,"minecraft:brown_wool":5,"minecraft:flint":12,"minecraft:tuff":2,"minecraft:lapis_lazuli":175,"minecraft:dirt":1043,"minecraft:leather_boots":5,"minecraft:bone":71,"travelersbackpack:backpack_tank":2,"minecraft:bow":2,"minecraft:wheat_seeds":71,"minecraft:raw_gold":64,"minecraft:bell":3,"minecraft:diamond_helmet":1,"minecraft:fletching_table":23,"minecraft:oak_planks":334,"minecraft:cooked_porkchop":8,"minecraft:sand":65,"minecraft:ink_sac":3,"minecraft:diamond":70,"minecraft:granite":11,"minecraft:golden_apple":2,"minecraft:emerald":68,"minecraft:bread":398,"minecraft:oak_sapling":261,"minecraft:crafting_table":26,"minecraft:azure_bluet":1,"minecraft:chicken":16,"minecraft:wooden_pickaxe":9,"minecraft:shield":2,"minecraft:iron_axe":9,"minecraft:beef":49,"minecraft:oak_boat":32,"minecraft:light_gray_wool":1,"minecraft:lectern":30,"minecraft:sugar_cane":38,"minecraft:chest":2,"minecraft:birch_sapling":14,"minecraft:egg":20,"minecraft:dark_oak_sapling":1,"minecraft:raw_iron":408,"minecraft:stone":21,"minecraft:copper_ingot":2,"minecraft:carrot":36,"minecraft:redstone":32,"minecraft:arrow":80,"minecraft:diamond_chestplate":1,"minecraft:hay_block":237,"minecraft:mutton":37,"minecraft:white_wool":102,"minecraft:rail":10,"minecraft:oxeye_daisy":4,"minecraft:stripped_oak_log":1,"minecraft:golden_carrot":43,"minecraft:leather":78,"minecraft:oak_log":1303,"minecraft:yellow_bed":18,"minecraft:gunpowder":9,"minecraft:paper":63,"minecraft:cooked_mutton":6,"minecraft:apple":55,"minecraft:oak_fence_gate":3,"minecraft:iron_ingot":128,"minecraft:stone_pickaxe":6,"minecraft:book":21,"minecraft:oak_slab":5,"minecraft:birch_boat":2,"minecraft:pumpkin":3,"minecraft:dandelion":5,"minecraft:dripstone_block":5,"minecraft:gravel":57,"minecraft:spruce_sapling":631,"minecraft:blast_furnace":1,"minecraft:white_bed":21,"minecraft:spruce_log":5321,"minecraft:spider_eye":4,"minecraft:stone_axe":24,"minecraft:iron_helmet":3,"minecraft:black_wool":4,"minecraft:coal":229},"minecraft:killed_by":{"minecraft:creeper":1,"minecraft:drowned":4,"minecraft:zombie":2,"minecraft:player":3,"minecraft:skeleton":4},"minecraft:dropped":{"minecraft:golden_pickaxe":1,"minecraft:rail":6,"minecraft:dirt":9,"minecraft:sand":2,"minecraft:birch_log":1,"minecraft:white_wool":2,"minecraft:bone":4,"minecraft:stone_axe":22,"minecraft:sugar_cane":1,"minecraft:cobbled_deepslate":8,"minecraft:birch_sapling":5,"minecraft:yellow_wool":2,"minecraft:pointed_dripstone":5,"minecraft:rotten_flesh":21,"minecraft:azure_bluet":1,"minecraft:leather_boots":1,"minecraft:arrow":12,"minecraft:egg":1,"minecraft:iron_ingot":2,"minecraft:bread":416,"minecraft:oak_slab":7,"minecraft:wheat_seeds":48,"minecraft:dripstone_block":2,"minecraft:oak_fence":1,"minecraft:iron_helmet":1,"minecraft:cobblestone":64,"minecraft:apple":1,"minecraft:granite":1,"minecraft:chainmail_helmet":8,"minecraft:oxeye_daisy":4,"minecraft:diorite":28,"minecraft:golden_carrot":1,"minecraft:ink_sac":3,"minecraft:wooden_axe":3,"minecraft:iron_leggings":1,"minecraft:iron_axe":13,"minecraft:chainmail_leggings":12,"minecraft:string":3,"minecraft:dandelion":5,"minecraft:redstone":6,"minecraft:raw_iron":5,"minecraft:iron_boots":8,"minecraft:stone":14,"minecraft:shield":1,"minecraft:andesite":9,"minecraft:iron_chestplate":1,"minecraft:oak_sapling":193,"minecraft:oak_boat":1,"minecraft:spider_eye":2,"minecraft:bow":1,"minecraft:stone_pickaxe":5,"minecraft:wooden_pickaxe":4,"minecraft:bell":2,"minecraft:nautilus_shell":1},"minecraft:killed":{"minecraft:cave_spider":2,"minecraft:spider":12,"minecraft:skeleton":18,"minecraft:pig":9,"minecraft:zombie_villager":1,"minecraft:iron_golem":1,"minecraft:sheep":14,"minecraft:zombie":30,"minecraft:cow":13,"minecraft:horse":1,"minecraft:villager":3},"minecraft:used":{"minecraft:iron_shovel":644,"minecraft:chest":18,"minecraft:shield":23,"minecraft:bell":1,"minecraft:rotten_flesh":5,"minecraft:tuff":2,"minecraft:furnace":6,"minecraft:oak_sapling":68,"minecraft:egg":11,"minecraft:stone_pickaxe":690,"minecraft:ender_pearl":2,"minecraft:wooden_pickaxe":35,"minecraft:composter":8,"minecraft:diamond_axe":62,"minecraft:white_wool":1,"minecraft:golden_apple":1,"minecraft:blast_furnace":1,"minecraft:bread":76,"minecraft:lectern":34,"minecraft:diamond_sword":9,"minecraft:grindstone":1,"minecraft:smithing_table":5,"minecraft:oak_boat":29,"minecraft:bone_meal":3,"minecraft:oak_fence":25,"minecraft:stone_sword":3,"minecraft:torch":185,"minecraft:brewing_stand":1,"minecraft:dirt":935,"minecraft:granite":2,"minecraft:oak_fence_gate":14,"minecraft:wooden_axe":219,"minecraft:bookshelf":4,"minecraft:iron_axe":4388,"minecraft:glowstone":8,"minecraft:golden_carrot":33,"minecraft:beef":2,"minecraft:cooked_beef":10,"minecraft:cobbled_deepslate":1,"minecraft:cooked_mutton":8,"minecraft:water_bucket":8,"minecraft:birch_boat":3,"minecraft:fletching_table":20,"minecraft:crafting_table":23,"minecraft:white_bed":22,"minecraft:spruce_log":5,"minecraft:oak_log":3,"minecraft:diamond_pickaxe":488,"minecraft:iron_pickaxe":297,"minecraft:suspicious_stew":1,"minecraft:spruce_sapling":421,"minecraft:stone_axe":2138,"minecraft:cobblestone":244,"travelersbackpack:standard":1,"minecraft:cooked_porkchop":10,"minecraft:bucket":10,"minecraft:yellow_bed":19},"minecraft:mined":{"minecraft:white_bed":19,"minecraft:oak_sapling":4,"minecraft:granite":14,"minecraft:grass_block":619,"minecraft:composter":7,"minecraft:oxeye_daisy":2,"minecraft:spawner":3,"minecraft:tall_seagrass":10,"minecraft:iron_ore":258,"minecraft:fletching_table":20,"minecraft:deepslate_lapis_ore":3,"minecraft:azure_bluet":1,"minecraft:pointed_dripstone":7,"minecraft:dirt_path":20,"minecraft:torch":5,"minecraft:blast_furnace":1,"minecraft:chest":2,"minecraft:dead_bush":1,"minecraft:cobblestone":20,"minecraft:sugar_cane":19,"minecraft:oak_planks":1,"minecraft:wall_torch":18,"minecraft:seagrass":6,"minecraft:birch_log":73,"minecraft:yellow_wool":6,"minecraft:oak_log":1328,"minecraft:oak_fence_gate":3,"minecraft:sand":65,"minecraft:dirt":272,"minecraft:oak_leaves":33,"minecraft:deepslate":19,"minecraft:tuff":9,"minecraft:deepslate_diamond_ore":21,"minecraft:spruce_leaves":23,"minecraft:hay_block":145,"minecraft:spruce_sapling":26,"minecraft:furnace":2,"minecraft:carrots":5,"minecraft:andesite":30,"minecraft:bell":1,"minecraft:bookshelf":4,"minecraft:deepslate_iron_ore":28,"minecraft:rail":1,"minecraft:stripped_oak_log":1,"minecraft:stone":699,"minecraft:white_wool":6,"minecraft:podzol":3,"minecraft:smithing_table":5,"minecraft:dandelion":6,"minecraft:oak_fence":40,"minecraft:crafting_table":15,"minecraft:cornflower":1,"minecraft:short_grass":438,"minecraft:lectern":30,"minecraft:tall_grass":38,"minecraft:copper_ore":5,"minecraft:lapis_ore":1,"minecraft:deepslate_gold_ore":9,"minecraft:diorite":88,"minecraft:white_carpet":1,"minecraft:spruce_log":4511,"minecraft:birch_leaves":4,"minecraft:yellow_bed":18,"minecraft:coal_ore":166,"minecraft:gravel":35,"minecraft:dripstone_block":5,"minecraft:gold_ore":11,"minecraft:fern":4},"minecraft:broken":{"minecraft:iron_shovel":2,"minecraft:stone_pickaxe":3,"minecraft:stone_axe":12,"minecraft:wooden_axe":1,"minecraft:iron_axe":12,"minecraft:iron_pickaxe":1},"minecraft:crafted":{"minecraft:grindstone":1,"minecraft:oak_planks":4972,"minecraft:chainmail_helmet":8,"minecraft:birch_boat":1,"minecraft:stone":13,"minecraft:diamond_shovel":7,"minecraft:bookshelf":10,"minecraft:cooked_mutton":12,"minecraft:suspicious_stew":11,"minecraft:glass":31,"minecraft:diamond_helmet":1,"minecraft:bow":1,"minecraft:diamond_leggings":1,"minecraft:iron_boots":11,"minecraft:chest":18,"minecraft:oak_slab":30,"travelersbackpack:iron_tier_upgrade":1,"minecraft:emerald":1355,"minecraft:cooked_porkchop":16,"minecraft:diamond_axe":7,"minecraft:crafting_table":8,"minecraft:spruce_planks":15880,"travelersbackpack:standard":2,"minecraft:wooden_pickaxe":3,"minecraft:iron_helmet":3,"minecraft:fletching_table":2,"minecraft:birch_planks":276,"minecraft:lectern":4,"minecraft:iron_chestplate":2,"minecraft:book":3,"minecraft:paper":30,"minecraft:diamond_pickaxe":1,"minecraft:shield":3,"minecraft:stick":41597,"minecraft:stone_slab":12,"minecraft:iron_ingot":172,"minecraft:iron_pickaxe":3,"minecraft:gold_ingot":4,"minecraft:composter":1,"minecraft:golden_carrot":117,"minecraft:cookie":144,"minecraft:redstone":22,"minecraft:furnace":4,"minecraft:yellow_bed":1,"minecraft:bone_meal":3,"travelersbackpack:blank_upgrade":4,"minecraft:iron_axe":21,"minecraft:ender_pearl":19,"minecraft:stone_pickaxe":6,"minecraft:diamond_boots":6,"minecraft:chainmail_leggings":12,"minecraft:cooked_beef":14,"minecraft:wheat":1314,"minecraft:diamond_sword":1,"travelersbackpack:backpack_tank":4,"travelersbackpack:black_sleeping_bag":1,"minecraft:bucket":3,"minecraft:stone_axe":23,"minecraft:glowstone":8,"minecraft:enchanted_book":8,"minecraft:bread":495,"minecraft:air":0,"minecraft:oak_boat":3,"minecraft:oak_fence_gate":11,"minecraft:wooden_axe":3,"minecraft:iron_shovel":3,"minecraft:iron_leggings":1,"minecraft:white_bed":2,"minecraft:pumpkin_pie":52,"minecraft:torch":172,"minecraft:lapis_lazuli":12,"minecraft:diamond_chestplate":1}},"DataVersion":3953}