{"stats":{"minecraft:custom":{"minecraft:animals_bred":1,"minecraft:interact_with_crafting_table":128,"minecraft:bell_ring":36,"minecraft:leave_game":12,"minecraft:time_since_death":48821,"minecraft:sprint_one_cm":1438774,"minecraft:damage_blocked_by_shield":1391,"minecraft:drop":308,"minecraft:talked_to_villager":117,"minecraft:play_time":546227,"minecraft:deaths":15,"minecraft:jump":10648,"minecraft:interact_with_brewingstand":1,"minecraft:walk_on_water_one_cm":76729,"minecraft:interact_with_furnace":124,"minecraft:traded_with_villager":1170,"minecraft:sleep_in_bed":22,"minecraft:damage_dealt":14618,"minecraft:crouch_one_cm":123914,"minecraft:interact_with_smoker":2,"minecraft:interact_with_smithing_table":3,"minecraft:mob_kills":86,"minecraft:climb_one_cm":2459,"minecraft:walk_one_cm":989860,"minecraft:sneak_time":45730,"minecraft:walk_under_water_one_cm":31910,"minecraft:boat_one_cm":971202,"minecraft:total_world_time":546227,"minecraft:time_since_rest":1727,"minecraft:damage_taken":9381,"minecraft:damage_absorbed":40,"minecraft:swim_one_cm":145452,"minecraft:fly_one_cm":2524876,"minecraft:open_chest":147,"minecraft:fall_one_cm":238438},"minecraft:killed_by":{"minecraft:creeper":1,"minecraft:drowned":4,"minecraft:zombie":2,"minecraft:player":3,"minecraft:skeleton":4},"minecraft:dropped":{"minecraft:golden_pickaxe":1,"minecraft:rail":3,"minecraft:dirt":9,"minecraft:sand":2,"minecraft:birch_log":1,"minecraft:white_wool":2,"minecraft:bone":4,"minecraft:stone_axe":22,"minecraft:sugar_cane":1,"minecraft:cobbled_deepslate":8,"minecraft:birch_sapling":5,"minecraft:yellow_wool":2,"minecraft:pointed_dripstone":4,"minecraft:rotten_flesh":20,"minecraft:azure_bluet":1,"minecraft:leather_boots":1,"minecraft:arrow":12,"minecraft:egg":1,"minecraft:iron_ingot":2,"minecraft:bread":279,"minecraft:oak_slab":7,"minecraft:wheat_seeds":48,"minecraft:dripstone_block":2,"minecraft:iron_helmet":1,"minecraft:apple":1,"minecraft:chainmail_helmet":8,"minecraft:oxeye_daisy":4,"minecraft:ink_sac":3,"minecraft:wooden_axe":3,"minecraft:iron_leggings":1,"minecraft:iron_axe":10,"minecraft:chainmail_leggings":12,"minecraft:string":1,"minecraft:dandelion":5,"minecraft:redstone":6,"minecraft:raw_iron":5,"minecraft:iron_boots":8,"minecraft:stone":14,"minecraft:shield":1,"minecraft:iron_chestplate":1,"minecraft:oak_boat":1,"minecraft:oak_sapling":193,"minecraft:spider_eye":1,"minecraft:stone_pickaxe":5,"minecraft:wooden_pickaxe":4,"minecraft:bell":2,"minecraft:nautilus_shell":1},"minecraft:crafted":{"minecraft:grindstone":1,"minecraft:oak_planks":4972,"minecraft:chainmail_helmet":8,"minecraft:birch_boat":1,"minecraft:stone":13,"minecraft:diamond_shovel":7,"minecraft:bookshelf":10,"minecraft:cooked_mutton":12,"minecraft:suspicious_stew":11,"minecraft:glass":31,"minecraft:diamond_helmet":1,"minecraft:bow":1,"minecraft:diamond_leggings":1,"minecraft:iron_boots":11,"minecraft:chest":18,"minecraft:oak_slab":30,"travelersbackpack:iron_tier_upgrade":1,"minecraft:emerald":968,"minecraft:cooked_porkchop":16,"minecraft:crafting_table":8,"minecraft:spruce_planks":10248,"minecraft:wooden_pickaxe":3,"minecraft:iron_helmet":3,"travelersbackpack:standard":2,"minecraft:fletching_table":2,"minecraft:birch_planks":276,"minecraft:lectern":4,"minecraft:iron_chestplate":2,"minecraft:book":3,"minecraft:paper":30,"minecraft:diamond_pickaxe":1,"minecraft:shield":3,"minecraft:stick":30073,"minecraft:stone_slab":12,"minecraft:iron_ingot":124,"minecraft:iron_pickaxe":3,"minecraft:gold_ingot":4,"minecraft:composter":1,"minecraft:golden_carrot":117,"minecraft:cookie":144,"minecraft:redstone":22,"minecraft:furnace":4,"minecraft:yellow_bed":1,"minecraft:bone_meal":3,"travelersbackpack:blank_upgrade":4,"minecraft:iron_axe":21,"minecraft:ender_pearl":7,"minecraft:stone_pickaxe":6,"minecraft:diamond_boots":6,"minecraft:chainmail_leggings":12,"minecraft:cooked_beef":14,"minecraft:wheat":1314,"travelersbackpack:backpack_tank":4,"travelersbackpack:black_sleeping_bag":1,"minecraft:bucket":3,"minecraft:stone_axe":23,"minecraft:glowstone":8,"minecraft:enchanted_book":2,"minecraft:bread":495,"minecraft:air":0,"minecraft:oak_fence_gate":11,"minecraft:oak_boat":3,"minecraft:wooden_axe":3,"minecraft:iron_shovel":3,"minecraft:iron_leggings":1,"minecraft:white_bed":2,"minecraft:pumpkin_pie":52,"minecraft:torch":172,"minecraft:lapis_lazuli":12,"minecraft:diamond_chestplate":1},"minecraft:broken":{"minecraft:iron_shovel":2,"minecraft:stone_pickaxe":3,"minecraft:stone_axe":12,"minecraft:wooden_axe":1,"minecraft:iron_axe":12,"minecraft:iron_pickaxe":1},"minecraft:used":{"minecraft:iron_shovel":644,"minecraft:chest":18,"minecraft:shield":23,"minecraft:bell":1,"minecraft:rotten_flesh":5,"minecraft:tuff":2,"minecraft:furnace":6,"minecraft:oak_sapling":68,"minecraft:egg":11,"minecraft:stone_pickaxe":690,"minecraft:ender_pearl":2,"minecraft:wooden_pickaxe":35,"minecraft:composter":8,"minecraft:white_wool":1,"minecraft:golden_apple":1,"minecraft:blast_furnace":1,"minecraft:bread":73,"minecraft:lectern":10,"minecraft:grindstone":1,"minecraft:smithing_table":5,"minecraft:oak_boat":25,"minecraft:bone_meal":3,"minecraft:oak_fence":25,"minecraft:stone_sword":3,"minecraft:torch":156,"minecraft:brewing_stand":1,"minecraft:dirt":935,"minecraft:granite":2,"minecraft:oak_fence_gate":14,"minecraft:wooden_axe":219,"minecraft:bookshelf":2,"minecraft:iron_axe":4352,"minecraft:glowstone":8,"minecraft:golden_carrot":18,"minecraft:beef":2,"minecraft:cooked_beef":10,"minecraft:cobbled_deepslate":1,"minecraft:cooked_mutton":8,"minecraft:water_bucket":5,"minecraft:birch_boat":3,"minecraft:fletching_table":20,"minecraft:crafting_table":23,"minecraft:white_bed":22,"minecraft:spruce_log":5,"minecraft:oak_log":3,"minecraft:diamond_pickaxe":95,"minecraft:iron_pickaxe":297,"minecraft:suspicious_stew":1,"minecraft:spruce_sapling":421,"minecraft:stone_axe":2138,"minecraft:cobblestone":178,"travelersbackpack:standard":1,"minecraft:cooked_porkchop":10,"minecraft:bucket":8,"minecraft:yellow_bed":18},"minecraft:picked_up":{"minecraft:wooden_axe":1,"minecraft:iron_chestplate":7,"minecraft:yellow_wool":5,"minecraft:smithing_table":5,"minecraft:brewing_stand":1,"minecraft:string":6,"minecraft:raw_copper":9,"minecraft:iron_leggings":9,"minecraft:diamond_leggings":1,"minecraft:cobbled_deepslate":785,"minecraft:bucket":1,"minecraft:iron_boots":5,"minecraft:furnace":3,"minecraft:stick":928,"minecraft:composter":7,"minecraft:oak_fence":40,"minecraft:torch":156,"minecraft:porkchop":16,"minecraft:diorite":15,"minecraft:pointed_dripstone":7,"minecraft:stone_sword":3,"minecraft:rotten_flesh":44,"minecraft:cobblestone":1116,"minecraft:nautilus_shell":1,"minecraft:birch_log":70,"minecraft:cooked_beef":6,"minecraft:water_bucket":2,"minecraft:andesite":12,"minecraft:brown_wool":5,"minecraft:flint":12,"minecraft:tuff":2,"minecraft:dirt":1043,"minecraft:lapis_lazuli":175,"minecraft:leather_boots":5,"minecraft:bone":67,"travelersbackpack:backpack_tank":2,"minecraft:bow":1,"minecraft:wheat_seeds":71,"minecraft:raw_gold":45,"minecraft:bell":3,"minecraft:diamond_helmet":1,"minecraft:fletching_table":23,"minecraft:oak_planks":333,"minecraft:cooked_porkchop":8,"minecraft:sand":65,"minecraft:ink_sac":3,"minecraft:diamond":52,"minecraft:granite":9,"minecraft:golden_apple":2,"minecraft:bread":396,"minecraft:emerald":68,"minecraft:oak_sapling":261,"minecraft:crafting_table":25,"minecraft:azure_bluet":1,"minecraft:chicken":16,"minecraft:wooden_pickaxe":9,"minecraft:shield":2,"minecraft:iron_axe":9,"minecraft:beef":49,"minecraft:oak_boat":29,"minecraft:light_gray_wool":1,"minecraft:lectern":7,"minecraft:sugar_cane":38,"minecraft:chest":2,"minecraft:birch_sapling":14,"minecraft:egg":20,"minecraft:dark_oak_sapling":1,"minecraft:raw_iron":264,"minecraft:stone":21,"minecraft:copper_ingot":2,"minecraft:carrot":36,"minecraft:redstone":32,"minecraft:arrow":77,"minecraft:diamond_chestplate":1,"minecraft:hay_block":237,"minecraft:mutton":37,"minecraft:white_wool":102,"minecraft:rail":4,"minecraft:oxeye_daisy":4,"minecraft:stripped_oak_log":1,"minecraft:golden_carrot":42,"minecraft:leather":78,"minecraft:oak_log":1303,"minecraft:yellow_bed":17,"minecraft:gunpowder":8,"minecraft:paper":63,"minecraft:cooked_mutton":6,"minecraft:apple":55,"minecraft:oak_fence_gate":3,"minecraft:iron_ingot":128,"minecraft:stone_pickaxe":6,"minecraft:book":15,"minecraft:oak_slab":5,"minecraft:birch_boat":2,"minecraft:pumpkin":3,"minecraft:dandelion":5,"minecraft:dripstone_block":5,"minecraft:gravel":57,"minecraft:spruce_sapling":631,"minecraft:blast_furnace":1,"minecraft:white_bed":21,"minecraft:spruce_log":5321,"minecraft:spider_eye":1,"minecraft:stone_axe":24,"minecraft:iron_helmet":3,"minecraft:black_wool":4,"minecraft:coal":212},"minecraft:killed":{"minecraft:cave_spider":1,"minecraft:spider":9,"minecraft:skeleton":10,"minecraft:pig":9,"minecraft:iron_golem":1,"minecraft:sheep":14,"minecraft:zombie":24,"minecraft:cow":13,"minecraft:horse":1,"minecraft:villager":2},"minecraft:mined":{"minecraft:white_bed":19,"minecraft:oak_sapling":4,"minecraft:granite":12,"minecraft:grass_block":619,"minecraft:composter":7,"minecraft:oxeye_daisy":2,"minecraft:spawner":2,"minecraft:tall_seagrass":10,"minecraft:iron_ore":148,"minecraft:fletching_table":20,"minecraft:deepslate_lapis_ore":3,"minecraft:azure_bluet":1,"minecraft:pointed_dripstone":6,"minecraft:dirt_path":20,"minecraft:torch":2,"minecraft:blast_furnace":1,"minecraft:chest":2,"minecraft:dead_bush":1,"minecraft:cobblestone":16,"minecraft:sugar_cane":19,"minecraft:oak_planks":1,"minecraft:wall_torch":9,"minecraft:seagrass":6,"minecraft:birch_log":73,"minecraft:yellow_wool":6,"minecraft:oak_log":1328,"minecraft:oak_fence_gate":3,"minecraft:sand":65,"minecraft:dirt":272,"minecraft:oak_leaves":33,"minecraft:deepslate":15,"minecraft:tuff":9,"minecraft:deepslate_diamond_ore":8,"minecraft:spruce_leaves":23,"minecraft:hay_block":145,"minecraft:spruce_sapling":26,"minecraft:furnace":2,"minecraft:carrots":5,"minecraft:andesite":18,"minecraft:bell":1,"minecraft:bookshelf":2,"minecraft:deepslate_iron_ore":24,"minecraft:rail":1,"minecraft:stripped_oak_log":1,"minecraft:stone":517,"minecraft:white_wool":6,"minecraft:podzol":3,"minecraft:smithing_table":5,"minecraft:dandelion":6,"minecraft:oak_fence":40,"minecraft:crafting_table":14,"minecraft:cornflower":1,"minecraft:short_grass":437,"minecraft:lectern":7,"minecraft:tall_grass":38,"minecraft:copper_ore":5,"minecraft:lapis_ore":1,"minecraft:deepslate_gold_ore":6,"minecraft:diorite":59,"minecraft:white_carpet":1,"minecraft:spruce_log":4511,"minecraft:birch_leaves":4,"minecraft:yellow_bed":17,"minecraft:coal_ore":153,"minecraft:dripstone_block":5,"minecraft:gravel":35,"minecraft:fern":4}},"DataVersion":3953}