{"stats":{"minecraft:killed_by":{"minecraft:creeper":1,"minecraft:drowned":4,"minecraft:zombie":2,"minecraft:player":3,"minecraft:skeleton":4},"minecraft:custom":{"minecraft:animals_bred":1,"minecraft:interact_with_crafting_table":144,"minecraft:bell_ring":36,"minecraft:leave_game":16,"minecraft:time_since_death":293192,"minecraft:sprint_one_cm":1845968,"minecraft:damage_blocked_by_shield":1391,"minecraft:drop":495,"minecraft:talked_to_villager":260,"minecraft:play_time":790598,"minecraft:deaths":15,"minecraft:jump":13754,"minecraft:interact_with_brewingstand":1,"minecraft:walk_on_water_one_cm":93591,"minecraft:interact_with_furnace":143,"minecraft:traded_with_villager":2419,"minecraft:sleep_in_bed":33,"minecraft:damage_dealt":19071,"minecraft:crouch_one_cm":160842,"minecraft:interact_with_smoker":2,"minecraft:interact_with_smithing_table":5,"minecraft:mob_kills":111,"minecraft:interact_with_anvil":20,"minecraft:climb_one_cm":3263,"minecraft:walk_one_cm":1411930,"minecraft:sneak_time":59604,"minecraft:walk_under_water_one_cm":38143,"minecraft:boat_one_cm":986494,"minecraft:total_world_time":790598,"minecraft:interact_with_grindstone":2,"minecraft:time_since_rest":36107,"minecraft:damage_taken":10606,"minecraft:damage_absorbed":40,"minecraft:swim_one_cm":151553,"minecraft:fly_one_cm":3231040,"minecraft:open_chest":286,"minecraft:fall_one_cm":282520},"minecraft:dropped":{"minecraft:brown_mushroom":1,"minecraft:glow_ink_sac":5,"minecraft:golden_pickaxe":1,"minecraft:rail":6,"minecraft:dirt":13,"minecraft:sand":2,"minecraft:birch_log":1,"minecraft:white_wool":2,"minecraft:bone":4,"minecraft:stone_axe":22,"minecraft:sugar_cane":1,"minecraft:cobbled_deepslate":12,"minecraft:birch_sapling":5,"minecraft:yellow_wool":2,"minecraft:pointed_dripstone":5,"minecraft:rotten_flesh":23,"minecraft:azure_bluet":1,"minecraft:leather_boots":1,"minecraft:arrow":12,"minecraft:beef":7,"minecraft:quartz":67,"minecraft:netherrack":340,"minecraft:egg":3,"minecraft:enchanted_book":4,"minecraft:iron_ingot":2,"minecraft:bread":416,"minecraft:oak_slab":7,"minecraft:wheat_seeds":53,"minecraft:dripstone_block":2,"minecraft:oak_fence":1,"minecraft:iron_helmet":1,"minecraft:cobblestone":84,"minecraft:apple":1,"minecraft:granite":4,"minecraft:chainmail_helmet":8,"minecraft:oxeye_daisy":4,"minecraft:diorite":29,"minecraft:golden_carrot":1,"minecraft:ink_sac":3,"minecraft:wooden_axe":3,"minecraft:iron_leggings":1,"minecraft:iron_axe":13,"minecraft:chainmail_leggings":12,"minecraft:string":8,"minecraft:dandelion":5,"minecraft:redstone":6,"minecraft:raw_iron":5,"minecraft:iron_boots":8,"minecraft:stone":14,"minecraft:shield":1,"minecraft:diamond_pickaxe":1,"minecraft:iron_chestplate":1,"minecraft:andesite":12,"minecraft:oak_sapling":196,"minecraft:oak_boat":1,"minecraft:spider_eye":2,"minecraft:stone_pickaxe":5,"minecraft:bow":1,"minecraft:wooden_pickaxe":4,"minecraft:bell":2,"minecraft:nautilus_shell":1,"minecraft:magma_block":6},"minecraft:crafted":{"minecraft:grindstone":1,"minecraft:oak_planks":4984,"minecraft:chainmail_helmet":8,"minecraft:birch_boat":1,"minecraft:stone":13,"minecraft:diamond_shovel":7,"minecraft:bookshelf":22,"minecraft:cooked_mutton":12,"minecraft:suspicious_stew":11,"minecraft:glass":31,"minecraft:diamond_helmet":1,"minecraft:bow":2,"minecraft:diamond_leggings":1,"minecraft:iron_boots":11,"minecraft:chest":18,"minecraft:oak_slab":42,"travelersbackpack:iron_tier_upgrade":1,"minecraft:emerald":2143,"minecraft:cooked_porkchop":16,"minecraft:diamond_axe":7,"minecraft:crafting_table":8,"minecraft:spruce_planks":28220,"travelersbackpack:standard":3,"minecraft:wooden_pickaxe":3,"minecraft:iron_helmet":3,"minecraft:fletching_table":2,"minecraft:birch_planks":276,"minecraft:lectern":6,"minecraft:iron_chestplate":2,"minecraft:book":3,"minecraft:paper":30,"minecraft:diamond_pickaxe":2,"minecraft:shield":3,"minecraft:stick":66275,"minecraft:stone_slab":12,"minecraft:iron_ingot":242,"minecraft:iron_pickaxe":3,"minecraft:iron_block":3,"minecraft:gold_ingot":20,"minecraft:composter":1,"minecraft:spruce_fence_gate":2,"minecraft:golden_carrot":117,"minecraft:cookie":144,"minecraft:redstone":22,"minecraft:experience_bottle":16,"minecraft:furnace":4,"minecraft:yellow_bed":1,"minecraft:bone_meal":3,"minecraft:spruce_fence":6,"travelersbackpack:blank_upgrade":4,"travelersbackpack:gold_tier_upgrade":1,"minecraft:iron_axe":21,"minecraft:ender_pearl":19,"minecraft:stone_pickaxe":6,"minecraft:diamond_boots":6,"minecraft:chainmail_leggings":12,"travelersbackpack:diamond_tier_upgrade":1,"minecraft:cooked_beef":14,"minecraft:wheat":1314,"minecraft:diamond_sword":1,"travelersbackpack:backpack_tank":4,"travelersbackpack:black_sleeping_bag":1,"minecraft:bucket":3,"minecraft:stone_axe":23,"minecraft:glowstone":8,"minecraft:enchanted_book":25,"minecraft:bread":495,"minecraft:air":0,"minecraft:oak_boat":4,"minecraft:oak_fence_gate":11,"minecraft:wooden_axe":3,"minecraft:iron_shovel":3,"minecraft:iron_leggings":1,"minecraft:anvil":1,"minecraft:white_bed":2,"minecraft:pumpkin_pie":52,"minecraft:torch":232,"minecraft:lapis_lazuli":12,"minecraft:diamond_chestplate":2},"minecraft:broken":{"minecraft:iron_shovel":2,"minecraft:stone_pickaxe":3,"minecraft:stone_axe":12,"minecraft:wooden_axe":1,"minecraft:iron_axe":12,"minecraft:iron_pickaxe":1},"minecraft:killed":{"minecraft:cave_spider":2,"minecraft:spider":12,"minecraft:skeleton":18,"minecraft:pig":9,"minecraft:zombie_villager":1,"minecraft:iron_golem":1,"minecraft:sheep":14,"minecraft:zombie":30,"minecraft:cow":16,"minecraft:horse":1,"minecraft:villager":3},"minecraft:mined":{"minecraft:white_bed":19,"minecraft:oak_sapling":4,"minecraft:granite":16,"minecraft:grass_block":650,"minecraft:composter":7,"minecraft:oxeye_daisy":2,"minecraft:spawner":3,"minecraft:tall_seagrass":10,"minecraft:magma_block":25,"minecraft:iron_ore":258,"minecraft:fletching_table":24,"minecraft:deepslate_lapis_ore":3,"minecraft:azure_bluet":1,"minecraft:pointed_dripstone":7,"minecraft:dirt_path":20,"minecraft:blackstone":18,"minecraft:torch":8,"minecraft:blast_furnace":1,"minecraft:chest":2,"minecraft:dead_bush":1,"minecraft:nether_quartz_ore":168,"minecraft:cobblestone":64,"minecraft:sugar_cane":19,"minecraft:oak_planks":1,"minecraft:wall_torch":22,"minecraft:seagrass":6,"minecraft:yellow_wool":6,"minecraft:birch_log":73,"minecraft:oak_log":1332,"minecraft:oak_fence_gate":3,"minecraft:sand":65,"minecraft:dirt":296,"minecraft:netherrack":3496,"minecraft:ancient_debris":6,"minecraft:oak_leaves":34,"minecraft:deepslate":19,"minecraft:nether_gold_ore":49,"minecraft:tuff":9,"minecraft:deepslate_diamond_ore":21,"minecraft:spruce_leaves":63,"minecraft:hay_block":145,"minecraft:spruce_sapling":46,"minecraft:furnace":2,"minecraft:carrots":5,"minecraft:andesite":30,"minecraft:bell":1,"minecraft:bookshelf":16,"minecraft:deepslate_iron_ore":28,"minecraft:rail":1,"minecraft:stripped_oak_log":1,"minecraft:stone":760,"minecraft:white_wool":6,"minecraft:podzol":3,"minecraft:smithing_table":5,"minecraft:basalt":4,"minecraft:dandelion":6,"minecraft:oak_fence":40,"minecraft:crafting_table":15,"minecraft:cornflower":1,"minecraft:short_grass":465,"minecraft:lectern":43,"minecraft:tall_grass":38,"minecraft:copper_ore":5,"minecraft:lapis_ore":1,"minecraft:deepslate_gold_ore":9,"minecraft:diorite":88,"minecraft:white_carpet":1,"minecraft:spruce_log":8140,"minecraft:birch_leaves":4,"minecraft:yellow_bed":18,"minecraft:coal_ore":166,"minecraft:gravel":49,"minecraft:dripstone_block":5,"minecraft:gold_ore":11,"minecraft:fern":4},"minecraft:used":{"minecraft:iron_shovel":644,"minecraft:chest":18,"minecraft:shield":23,"minecraft:bell":1,"minecraft:rotten_flesh":5,"minecraft:tuff":2,"minecraft:oak_sapling":68,"minecraft:furnace":6,"minecraft:egg":11,"minecraft:stone_pickaxe":690,"minecraft:ender_pearl":3,"minecraft:wooden_pickaxe":35,"minecraft:composter":8,"minecraft:diamond_axe":3818,"minecraft:white_wool":1,"minecraft:golden_apple":1,"minecraft:blast_furnace":1,"minecraft:bread":76,"minecraft:lectern":49,"minecraft:diamond_sword":9,"minecraft:grindstone":1,"minecraft:smithing_table":5,"minecraft:oak_boat":29,"minecraft:bone_meal":3,"minecraft:experience_bottle":16,"minecraft:oak_fence":25,"minecraft:stone_sword":3,"minecraft:netherrack":112,"minecraft:torch":216,"minecraft:brewing_stand":1,"minecraft:dirt":989,"minecraft:anvil":1,"minecraft:granite":2,"minecraft:spruce_fence":4,"minecraft:oak_fence_gate":14,"minecraft:wooden_axe":219,"minecraft:bookshelf":16,"minecraft:iron_axe":4388,"minecraft:glowstone":8,"minecraft:golden_carrot":43,"minecraft:beef":2,"minecraft:cooked_beef":10,"minecraft:cobbled_deepslate":1,"minecraft:cooked_mutton":8,"minecraft:water_bucket":8,"minecraft:birch_boat":3,"minecraft:fletching_table":25,"minecraft:spruce_fence_gate":2,"minecraft:crafting_table":23,"minecraft:white_bed":22,"minecraft:spruce_log":5,"minecraft:oak_log":3,"minecraft:diamond_pickaxe":4374,"minecraft:diamond_shovel":62,"minecraft:iron_pickaxe":297,"minecraft:suspicious_stew":1,"minecraft:spruce_sapling":816,"minecraft:stone_axe":2138,"travelersbackpack:standard":1,"minecraft:cobblestone":349,"minecraft:cooked_porkchop":10,"minecraft:bucket":11,"minecraft:yellow_bed":19},"minecraft:picked_up":{"minecraft:wooden_axe":1,"minecraft:iron_chestplate":7,"minecraft:yellow_wool":5,"minecraft:smithing_table":5,"minecraft:brewing_stand":1,"minecraft:string":13,"minecraft:raw_copper":9,"minecraft:iron_leggings":9,"minecraft:diamond_leggings":1,"minecraft:gold_nugget":385,"minecraft:cobbled_deepslate":789,"minecraft:bucket":1,"minecraft:spruce_planks":110,"minecraft:furnace":3,"minecraft:iron_boots":5,"minecraft:stick":1098,"minecraft:composter":7,"minecraft:oak_fence":41,"minecraft:torch":175,"minecraft:porkchop":16,"minecraft:pointed_dripstone":8,"minecraft:diorite":44,"minecraft:stone_sword":3,"minecraft:rotten_flesh":47,"minecraft:cobblestone":1402,"minecraft:nautilus_shell":1,"minecraft:birch_log":70,"minecraft:magma_block":6,"minecraft:cooked_beef":6,"minecraft:water_bucket":2,"minecraft:andesite":24,"minecraft:brown_wool":5,"minecraft:flint":19,"minecraft:tuff":2,"minecraft:lapis_lazuli":175,"minecraft:dirt":1129,"minecraft:leather_boots":5,"minecraft:bone":71,"travelersbackpack:backpack_tank":2,"minecraft:bow":2,"minecraft:wheat_seeds":79,"minecraft:raw_gold":64,"minecraft:bell":3,"minecraft:diamond_helmet":1,"minecraft:fletching_table":27,"minecraft:oak_planks":334,"minecraft:cooked_porkchop":8,"minecraft:sand":65,"minecraft:ink_sac":3,"minecraft:diamond":70,"minecraft:granite":13,"minecraft:golden_apple":2,"minecraft:emerald":68,"minecraft:bread":398,"minecraft:oak_sapling":264,"minecraft:netherrack":816,"minecraft:diamond_pickaxe":1,"minecraft:crafting_table":26,"minecraft:azure_bluet":1,"minecraft:chicken":16,"minecraft:brown_mushroom":1,"minecraft:wooden_pickaxe":9,"minecraft:shield":2,"minecraft:iron_axe":9,"minecraft:blackstone":10,"minecraft:beef":56,"minecraft:oak_boat":32,"minecraft:light_gray_wool":1,"minecraft:lectern":43,"minecraft:sugar_cane":38,"minecraft:chest":2,"minecraft:birch_sapling":14,"minecraft:egg":22,"minecraft:dark_oak_sapling":1,"minecraft:raw_iron":408,"minecraft:stone":21,"minecraft:copper_ingot":2,"minecraft:carrot":36,"minecraft:redstone":32,"minecraft:arrow":80,"minecraft:diamond_chestplate":1,"minecraft:hay_block":237,"minecraft:mutton":37,"minecraft:rail":10,"minecraft:white_wool":102,"minecraft:oxeye_daisy":4,"minecraft:stripped_oak_log":1,"minecraft:basalt":4,"minecraft:golden_carrot":43,"minecraft:glow_ink_sac":5,"minecraft:leather":81,"minecraft:oak_log":1306,"minecraft:ancient_debris":6,"minecraft:yellow_bed":18,"minecraft:gunpowder":9,"minecraft:paper":63,"minecraft:cooked_mutton":6,"minecraft:apple":55,"minecraft:oak_fence_gate":3,"minecraft:iron_ingot":155,"minecraft:stone_pickaxe":6,"minecraft:book":60,"minecraft:oak_slab":5,"minecraft:birch_boat":2,"minecraft:pumpkin":3,"minecraft:quartz":192,"minecraft:dandelion":5,"minecraft:dripstone_block":5,"minecraft:gravel":66,"minecraft:blast_furnace":1,"minecraft:spruce_sapling":1026,"minecraft:white_bed":21,"minecraft:spruce_log":8790,"minecraft:spider_eye":4,"minecraft:stone_axe":24,"minecraft:iron_helmet":3,"minecraft:black_wool":4,"minecraft:coal":229}},"DataVersion":3953}