{"stats":{"minecraft:custom":{"minecraft:interact_with_smithing_table":2,"minecraft:mob_kills":55,"minecraft:animals_bred":1,"minecraft:interact_with_crafting_table":84,"minecraft:bell_ring":36,"minecraft:leave_game":9,"minecraft:time_since_death":39737,"minecraft:climb_one_cm":1317,"minecraft:sprint_one_cm":781676,"minecraft:walk_one_cm":613554,"minecraft:damage_blocked_by_shield":1391,"minecraft:drop":158,"minecraft:talked_to_villager":27,"minecraft:play_time":328077,"minecraft:sneak_time":35982,"minecraft:deaths":11,"minecraft:walk_under_water_one_cm":29293,"minecraft:boat_one_cm":671774,"minecraft:jump":5856,"minecraft:walk_on_water_one_cm":51221,"minecraft:total_world_time":328077,"minecraft:interact_with_furnace":116,"minecraft:traded_with_villager":126,"minecraft:sleep_in_bed":12,"minecraft:time_since_rest":6579,"minecraft:damage_absorbed":40,"minecraft:damage_taken":6333,"minecraft:damage_dealt":10162,"minecraft:swim_one_cm":118362,"minecraft:fly_one_cm":1312187,"minecraft:open_chest":48,"minecraft:crouch_one_cm":93264,"minecraft:interact_with_smoker":2,"minecraft:fall_one_cm":135437},"minecraft:killed_by":{"minecraft:player":1,"minecraft:drowned":4,"minecraft:skeleton":4,"minecraft:zombie":2},"minecraft:dropped":{"minecraft:iron_ingot":1,"minecraft:bread":167,"minecraft:oak_slab":5,"minecraft:wheat_seeds":40,"minecraft:dripstone_block":2,"minecraft:rail":2,"minecraft:oxeye_daisy":4,"minecraft:dirt":2,"minecraft:wooden_axe":3,"minecraft:sand":2,"minecraft:iron_axe":1,"minecraft:string":1,"minecraft:birch_log":1,"minecraft:white_wool":2,"minecraft:redstone":6,"minecraft:bone":4,"minecraft:dandelion":5,"minecraft:stone_axe":3,"minecraft:cobbled_deepslate":8,"minecraft:birch_sapling":5,"minecraft:yellow_wool":2,"minecraft:raw_iron":5,"minecraft:pointed_dripstone":4,"minecraft:rotten_flesh":9,"minecraft:azure_bluet":1,"minecraft:shield":1,"minecraft:leather_boots":1,"minecraft:oak_sapling":73,"minecraft:spider_eye":1,"minecraft:arrow":12,"minecraft:stone_pickaxe":5,"minecraft:wooden_pickaxe":4,"minecraft:bell":2,"minecraft:egg":1},"minecraft:crafted":{"minecraft:grindstone":1,"minecraft:oak_planks":1916,"minecraft:redstone":2,"minecraft:birch_boat":1,"minecraft:furnace":4,"minecraft:stone":13,"minecraft:yellow_bed":1,"minecraft:cooked_mutton":12,"minecraft:iron_boots":1,"minecraft:iron_axe":2,"minecraft:stone_pickaxe":6,"minecraft:chest":2,"minecraft:wheat":936,"minecraft:cooked_beef":14,"minecraft:oak_slab":12,"minecraft:emerald":125,"minecraft:cooked_porkchop":16,"minecraft:crafting_table":6,"minecraft:wooden_pickaxe":3,"minecraft:iron_helmet":3,"minecraft:fletching_table":2,"minecraft:birch_planks":276,"minecraft:bucket":3,"minecraft:stone_axe":6,"minecraft:bread":309,"minecraft:air":0,"minecraft:oak_boat":2,"minecraft:oak_fence_gate":11,"minecraft:iron_chestplate":2,"minecraft:shield":3,"minecraft:stick":4020,"minecraft:stone_slab":12,"minecraft:iron_ingot":124,"minecraft:iron_pickaxe":3,"minecraft:wooden_axe":3,"minecraft:iron_shovel":3,"minecraft:iron_leggings":1,"minecraft:gold_ingot":4,"minecraft:white_bed":2,"minecraft:composter":1,"minecraft:torch":152},"minecraft:broken":{"minecraft:iron_shovel":2,"minecraft:stone_pickaxe":2,"minecraft:iron_axe":1,"minecraft:stone_axe":2,"minecraft:iron_pickaxe":1,"minecraft:wooden_axe":1},"minecraft:used":{"minecraft:oak_fence":25,"minecraft:stone_sword":3,"minecraft:iron_shovel":644,"minecraft:chest":3,"minecraft:shield":23,"minecraft:bell":1,"minecraft:rotten_flesh":4,"minecraft:torch":154,"minecraft:dirt":800,"minecraft:tuff":2,"minecraft:granite":2,"minecraft:oak_fence_gate":14,"minecraft:wooden_axe":219,"minecraft:iron_axe":444,"minecraft:beef":1,"minecraft:oak_sapling":4,"minecraft:furnace":6,"minecraft:egg":6,"minecraft:cooked_beef":10,"minecraft:cobbled_deepslate":1,"minecraft:cooked_mutton":8,"minecraft:water_bucket":1,"minecraft:stone_pickaxe":547,"minecraft:wooden_pickaxe":35,"minecraft:birch_boat":3,"minecraft:composter":1,"minecraft:fletching_table":7,"minecraft:white_wool":1,"minecraft:golden_apple":1,"minecraft:blast_furnace":1,"minecraft:crafting_table":17,"minecraft:white_bed":22,"minecraft:oak_log":3,"minecraft:bread":39,"minecraft:iron_pickaxe":297,"minecraft:stone_axe":481,"minecraft:cobblestone":178,"minecraft:grindstone":1,"minecraft:cooked_porkchop":10,"minecraft:smithing_table":5,"minecraft:bucket":4,"minecraft:yellow_bed":18,"minecraft:oak_boat":16},"minecraft:picked_up":{"minecraft:wooden_axe":1,"minecraft:crafting_table":16,"minecraft:iron_chestplate":4,"minecraft:azure_bluet":1,"minecraft:chicken":16,"minecraft:yellow_wool":5,"minecraft:smithing_table":5,"minecraft:wooden_pickaxe":9,"minecraft:shield":2,"minecraft:string":6,"minecraft:raw_copper":9,"minecraft:iron_axe":5,"minecraft:iron_leggings":6,"minecraft:cobbled_deepslate":17,"minecraft:beef":10,"minecraft:oak_boat":16,"minecraft:light_gray_wool":1,"minecraft:sugar_cane":7,"minecraft:chest":1,"minecraft:birch_sapling":14,"minecraft:furnace":3,"minecraft:iron_boots":2,"minecraft:egg":13,"minecraft:stick":258,"minecraft:raw_iron":226,"minecraft:stone":14,"minecraft:copper_ingot":2,"minecraft:oak_fence":40,"minecraft:torch":155,"minecraft:porkchop":16,"minecraft:pointed_dripstone":7,"minecraft:diorite":15,"minecraft:redstone":12,"minecraft:stone_sword":3,"minecraft:arrow":72,"minecraft:rotten_flesh":32,"minecraft:hay_block":111,"minecraft:mutton":15,"minecraft:cobblestone":779,"minecraft:rail":3,"minecraft:stripped_oak_log":1,"minecraft:white_wool":94,"minecraft:oxeye_daisy":4,"minecraft:birch_log":70,"minecraft:cooked_beef":6,"minecraft:andesite":12,"minecraft:brown_wool":5,"minecraft:leather":49,"minecraft:flint":3,"minecraft:tuff":2,"minecraft:oak_log":481,"minecraft:yellow_bed":17,"minecraft:gunpowder":8,"minecraft:lapis_lazuli":163,"minecraft:dirt":877,"minecraft:leather_boots":5,"minecraft:cooked_mutton":6,"minecraft:bone":66,"minecraft:apple":31,"minecraft:bow":1,"minecraft:wheat_seeds":62,"minecraft:raw_gold":45,"minecraft:bell":3,"minecraft:iron_ingot":127,"minecraft:oak_fence_gate":3,"minecraft:stone_pickaxe":6,"minecraft:fletching_table":5,"minecraft:oak_planks":333,"minecraft:oak_slab":5,"minecraft:cooked_porkchop":8,"minecraft:birch_boat":2,"minecraft:pumpkin":3,"minecraft:dandelion":5,"minecraft:dripstone_block":5,"minecraft:gravel":57,"minecraft:sand":2,"minecraft:spruce_sapling":12,"minecraft:blast_furnace":1,"minecraft:white_bed":21,"minecraft:spruce_log":75,"minecraft:spider_eye":1,"minecraft:diamond":52,"minecraft:stone_axe":10,"minecraft:granite":9,"minecraft:golden_apple":2,"minecraft:bread":71,"minecraft:oak_sapling":80,"minecraft:coal":146},"minecraft:killed":{"minecraft:cave_spider":1,"minecraft:spider":8,"minecraft:skeleton":7,"minecraft:horse":1,"minecraft:pig":9,"minecraft:iron_golem":1,"minecraft:sheep":7,"minecraft:zombie":18,"minecraft:cow":1},"minecraft:mined":{"minecraft:tuff":9,"minecraft:oak_sapling":4,"minecraft:white_bed":19,"minecraft:deepslate_diamond_ore":8,"minecraft:granite":12,"minecraft:grass_block":534,"minecraft:oxeye_daisy":2,"minecraft:spawner":2,"minecraft:hay_block":103,"minecraft:tall_seagrass":10,"minecraft:furnace":2,"minecraft:iron_ore":120,"minecraft:andesite":18,"minecraft:deepslate_lapis_ore":3,"minecraft:fletching_table":5,"minecraft:azure_bluet":1,"minecraft:bell":1,"minecraft:pointed_dripstone":6,"minecraft:deepslate_iron_ore":24,"minecraft:dirt_path":20,"minecraft:rail":1,"minecraft:stripped_oak_log":1,"minecraft:stone":401,"minecraft:podzol":1,"minecraft:white_wool":6,"minecraft:smithing_table":5,"minecraft:dandelion":6,"minecraft:oak_fence":40,"minecraft:cornflower":1,"minecraft:crafting_table":11,"minecraft:torch":2,"minecraft:short_grass":399,"minecraft:blast_furnace":1,"minecraft:chest":1,"minecraft:dead_bush":1,"minecraft:copper_ore":5,"minecraft:tall_grass":36,"minecraft:cobblestone":16,"minecraft:deepslate_gold_ore":6,"minecraft:lapis_ore":1,"minecraft:oak_planks":1,"minecraft:sugar_cane":4,"minecraft:diorite":59,"minecraft:wall_torch":8,"minecraft:seagrass":6,"minecraft:yellow_wool":6,"minecraft:birch_log":73,"minecraft:white_carpet":1,"minecraft:spruce_log":77,"minecraft:birch_leaves":4,"minecraft:yellow_bed":17,"minecraft:oak_log":505,"minecraft:coal_ore":109,"minecraft:oak_fence_gate":3,"minecraft:gravel":35,"minecraft:dirt":253,"minecraft:sand":2,"minecraft:dripstone_block":5,"minecraft:oak_leaves":23,"minecraft:deepslate":15}},"DataVersion":3953}