{"stats":{"minecraft:crafted":{"minecraft:cooked_beef":7,"minecraft:oak_planks":52,"minecraft:diamond_sword":1,"minecraft:emerald":125,"minecraft:cooked_porkchop":33,"minecraft:diamond_axe":1,"minecraft:crafting_table":1,"minecraft:spruce_planks":1984,"minecraft:wooden_pickaxe":1,"minecraft:cooked_chicken":2,"minecraft:cooked_salmon":2,"minecraft:stone_axe":1,"minecraft:enchanted_book":10,"minecraft:cooked_mutton":13,"minecraft:air":0,"minecraft:book":6,"minecraft:diamond_pickaxe":1,"minecraft:stick":4004,"minecraft:stone_pickaxe":1,"minecraft:gold_ingot":4,"minecraft:white_bed":1},"minecraft:killed":{"minecraft:pig":16,"minecraft:salmon":2,"minecraft:sheep":10,"minecraft:zombie":2,"minecraft:chicken":3,"minecraft:drowned":1,"minecraft:cow":5},"minecraft:picked_up":{"minecraft:crafting_table":1,"minecraft:feather":3,"minecraft:chicken":3,"minecraft:andesite":5,"minecraft:salmon":2,"minecraft:leather":6,"minecraft:oak_log":13,"minecraft:raw_copper":4,"minecraft:dirt":4,"minecraft:wheat_seeds":2,"minecraft:diamond_leggings":1,"minecraft:gold_nugget":36,"minecraft:beef":8,"minecraft:light_gray_wool":1,"minecraft:diamond_helmet":1,"minecraft:egg":8,"minecraft:book":14,"minecraft:stick":14,"minecraft:birch_boat":1,"minecraft:sweet_berries":43,"minecraft:torch":1,"minecraft:quartz":11,"minecraft:porkchop":29,"minecraft:spruce_sapling":14,"minecraft:diorite":2,"minecraft:spruce_log":496,"minecraft:rotten_flesh":4,"minecraft:diamond_chestplate":1,"minecraft:diamond":28,"minecraft:diamond_boots":1,"minecraft:emerald":448,"minecraft:oak_sapling":10,"minecraft:white_wool":10,"minecraft:netherrack":29,"minecraft:mutton":13,"minecraft:cobblestone":35,"minecraft:diamond_pickaxe":1},"minecraft:custom":{"minecraft:interact_with_smithing_table":2,"minecraft:interact_with_furnace":25,"minecraft:mob_kills":40,"minecraft:interact_with_anvil":11,"minecraft:traded_with_villager":135,"minecraft:interact_with_crafting_table":24,"minecraft:time_since_death":87841,"minecraft:sleep_in_bed":3,"minecraft:climb_one_cm":473,"minecraft:time_since_rest":20514,"minecraft:sprint_one_cm":367050,"minecraft:damage_taken":400,"minecraft:walk_one_cm":141643,"minecraft:drop":17,"minecraft:damage_dealt":3761,"minecraft:swim_one_cm":32584,"minecraft:talked_to_villager":56,"minecraft:fly_one_cm":304177,"minecraft:open_chest":51,"minecraft:crouch_one_cm":1587,"minecraft:play_time":87841,"minecraft:sneak_time":673,"minecraft:walk_under_water_one_cm":5256,"minecraft:jump":1452,"minecraft:interact_with_blast_furnace":2,"minecraft:walk_on_water_one_cm":18600,"minecraft:total_world_time":87841,"minecraft:interact_with_smoker":9,"minecraft:horse_one_cm":78119,"minecraft:fall_one_cm":29363},"minecraft:dropped":{"minecraft:stone_axe":1,"minecraft:wheat_seeds":2,"minecraft:rotten_flesh":4,"minecraft:feather":2,"minecraft:cobblestone":3,"minecraft:stick":5,"minecraft:diamond_pickaxe":1,"minecraft:stone_pickaxe":1,"minecraft:egg":6},"minecraft:used":{"minecraft:oak_planks":20,"minecraft:birch_boat":1,"minecraft:wooden_pickaxe":14,"minecraft:diamond_axe":584,"minecraft:cooked_salmon":2,"minecraft:cooked_chicken":2,"minecraft:netherrack":3,"minecraft:dirt":4,"minecraft:crafting_table":2,"minecraft:white_bed":1,"minecraft:diamond_pickaxe":108,"minecraft:spruce_sapling":14,"minecraft:stone_axe":17,"minecraft:diamond_sword":56,"minecraft:cobblestone":2,"minecraft:sweet_berries":27,"minecraft:oak_sapling":10,"minecraft:egg":2,"minecraft:cooked_beef":7},"minecraft:mined":{"minecraft:podzol":1,"minecraft:nether_gold_ore":8,"minecraft:crafting_table":1,"minecraft:short_grass":17,"minecraft:grass_block":3,"minecraft:copper_ore":1,"minecraft:nether_quartz_ore":12,"minecraft:tall_grass":2,"minecraft:cobblestone":1,"minecraft:spruce_leaves":3,"minecraft:diorite":2,"minecraft:wall_torch":1,"minecraft:spruce_sapling":1,"minecraft:sweet_berry_bush":17,"minecraft:spruce_log":559,"minecraft:andesite":8,"minecraft:oak_log":27,"minecraft:stone":34,"minecraft:netherrack":52,"minecraft:oak_leaves":4,"minecraft:fern":1}},"DataVersion":3953}