{"stats":{"minecraft:picked_up":{"minecraft:stick":5,"minecraft:chicken":1,"minecraft:porkchop":1,"minecraft:oak_log":8,"minecraft:oak_sapling":7,"minecraft:egg":1},"minecraft:mined":{"minecraft:short_grass":5,"minecraft:oak_log":8},"minecraft:crafted":{"minecraft:cooked_beef":6,"minecraft:oak_planks":32,"minecraft:cooked_porkchop":4,"minecraft:air":0},"minecraft:used":{"minecraft:oak_sapling":7,"minecraft:oak_planks":19,"minecraft:cooked_beef":2},"minecraft:custom":{"minecraft:open_chest":4,"minecraft:time_since_rest":16148,"minecraft:crouch_one_cm":35,"minecraft:play_time":16148,"minecraft:interact_with_furnace":7,"minecraft:sprint_one_cm":52783,"minecraft:walk_one_cm":25102,"minecraft:sneak_time":76,"minecraft:walk_under_water_one_cm":302,"minecraft:mob_kills":2,"minecraft:jump":187,"minecraft:damage_dealt":159,"minecraft:time_since_death":16148,"minecraft:walk_on_water_one_cm":10510,"minecraft:climb_one_cm":473,"minecraft:total_world_time":16148,"minecraft:swim_one_cm":11179,"minecraft:fall_one_cm":3195,"minecraft:fly_one_cm":37420,"minecraft:horse_one_cm":73314},"minecraft:killed":{"minecraft:pig":1,"minecraft:chicken":1}},"DataVersion":3953}