{"stats":{"minecraft:crafted":{"minecraft:cooked_beef":7,"minecraft:oak_planks":52,"minecraft:diamond_sword":1,"minecraft:emerald":16,"minecraft:cooked_porkchop":21,"minecraft:diamond_axe":1,"minecraft:crafting_table":1,"minecraft:spruce_planks":512,"minecraft:wooden_pickaxe":1,"minecraft:cooked_chicken":2,"minecraft:cooked_salmon":2,"minecraft:stone_axe":1,"minecraft:air":0,"minecraft:stick":508,"minecraft:stone_pickaxe":1,"minecraft:white_bed":1},"minecraft:killed":{"minecraft:pig":8,"minecraft:salmon":2,"minecraft:chicken":3,"minecraft:cow":1},"minecraft:picked_up":{"minecraft:crafting_table":1,"minecraft:feather":3,"minecraft:chicken":3,"minecraft:salmon":2,"minecraft:oak_log":13,"minecraft:dirt":4,"minecraft:wheat_seeds":1,"minecraft:diamond_leggings":1,"minecraft:beef":1,"minecraft:diamond_helmet":1,"minecraft:egg":8,"minecraft:stick":14,"minecraft:birch_boat":1,"minecraft:sweet_berries":43,"minecraft:porkchop":17,"minecraft:spruce_sapling":13,"minecraft:spruce_log":419,"minecraft:diamond_chestplate":1,"minecraft:diamond":28,"minecraft:diamond_boots":1,"minecraft:oak_sapling":10,"minecraft:cobblestone":10,"minecraft:diamond_pickaxe":1},"minecraft:custom":{"minecraft:interact_with_smithing_table":2,"minecraft:interact_with_furnace":20,"minecraft:mob_kills":14,"minecraft:interact_with_anvil":1,"minecraft:traded_with_villager":16,"minecraft:interact_with_crafting_table":8,"minecraft:time_since_death":51841,"minecraft:sleep_in_bed":2,"minecraft:climb_one_cm":473,"minecraft:time_since_rest":0,"minecraft:sprint_one_cm":245835,"minecraft:damage_taken":230,"minecraft:walk_one_cm":88089,"minecraft:drop":7,"minecraft:damage_dealt":1090,"minecraft:swim_one_cm":27596,"minecraft:talked_to_villager":22,"minecraft:fly_one_cm":164179,"minecraft:open_chest":24,"minecraft:crouch_one_cm":35,"minecraft:play_time":51841,"minecraft:sneak_time":85,"minecraft:walk_under_water_one_cm":4942,"minecraft:jump":924,"minecraft:interact_with_blast_furnace":2,"minecraft:walk_on_water_one_cm":16733,"minecraft:total_world_time":51841,"minecraft:interact_with_smoker":9,"minecraft:horse_one_cm":78119,"minecraft:fall_one_cm":18960},"minecraft:dropped":{"minecraft:wheat_seeds":1,"minecraft:feather":2,"minecraft:diamond_pickaxe":1,"minecraft:egg":6},"minecraft:used":{"minecraft:oak_planks":20,"minecraft:wooden_pickaxe":14,"minecraft:diamond_axe":502,"minecraft:dirt":4,"minecraft:crafting_table":1,"minecraft:white_bed":1,"minecraft:spruce_sapling":13,"minecraft:stone_axe":17,"minecraft:cobblestone":1,"minecraft:sweet_berries":14,"minecraft:oak_sapling":10,"minecraft:egg":2,"minecraft:cooked_beef":6},"minecraft:mined":{"minecraft:podzol":1,"minecraft:crafting_table":1,"minecraft:short_grass":8,"minecraft:grass_block":3,"minecraft:tall_grass":1,"minecraft:spruce_leaves":3,"minecraft:spruce_sapling":1,"minecraft:sweet_berry_bush":15,"minecraft:spruce_log":478,"minecraft:oak_log":27,"minecraft:stone":10,"minecraft:oak_leaves":4,"minecraft:fern":1}},"DataVersion":3953}