{"stats":{"minecraft:crafted":{"minecraft:cooked_beef":7,"minecraft:oak_planks":52,"minecraft:diamond_sword":1,"minecraft:emerald":125,"minecraft:cooked_porkchop":33,"minecraft:diamond_axe":1,"minecraft:crafting_table":2,"minecraft:spruce_planks":1984,"minecraft:wooden_pickaxe":1,"minecraft:cooked_chicken":2,"minecraft:furnace":8,"minecraft:cooked_salmon":2,"minecraft:stone_axe":1,"minecraft:enchanted_book":10,"minecraft:cooked_mutton":13,"minecraft:air":0,"minecraft:book":6,"minecraft:diamond_pickaxe":1,"minecraft:stick":4004,"minecraft:iron_ingot":60,"minecraft:stone_pickaxe":1,"minecraft:iron_block":3,"minecraft:anvil":1,"minecraft:gold_ingot":4,"minecraft:white_bed":1},"minecraft:killed":{"minecraft:pig":16,"minecraft:salmon":2,"minecraft:spider":1,"minecraft:sheep":10,"minecraft:zombie":10,"minecraft:chicken":3,"minecraft:drowned":1,"minecraft:cow":5},"minecraft:picked_up":{"minecraft:crafting_table":2,"minecraft:feather":3,"minecraft:chicken":3,"minecraft:andesite":26,"minecraft:salmon":2,"minecraft:leather":6,"minecraft:flint":3,"minecraft:oak_log":13,"minecraft:raw_copper":12,"minecraft:dirt":4,"minecraft:chipped_anvil":1,"minecraft:wheat_seeds":2,"minecraft:diamond_leggings":1,"minecraft:gold_nugget":36,"minecraft:cobbled_deepslate":22,"minecraft:beef":8,"minecraft:light_gray_wool":1,"minecraft:diamond_helmet":1,"minecraft:oak_planks":7,"minecraft:furnace":8,"minecraft:egg":8,"minecraft:book":14,"minecraft:stick":14,"minecraft:raw_iron":60,"minecraft:birch_boat":1,"minecraft:sweet_berries":43,"minecraft:torch":4,"minecraft:quartz":11,"minecraft:dripstone_block":2,"minecraft:gravel":3,"minecraft:porkchop":29,"minecraft:pointed_dripstone":1,"minecraft:spruce_sapling":14,"minecraft:carrot":1,"minecraft:diorite":8,"minecraft:spruce_log":496,"minecraft:rotten_flesh":9,"minecraft:diamond_chestplate":1,"minecraft:diamond":28,"minecraft:diamond_boots":1,"minecraft:iron_block":1,"minecraft:granite":57,"minecraft:emerald":448,"minecraft:coal":38,"minecraft:oak_sapling":10,"minecraft:white_wool":10,"minecraft:netherrack":29,"minecraft:mutton":13,"minecraft:cobblestone":288,"minecraft:diamond_pickaxe":1},"minecraft:custom":{"minecraft:interact_with_smithing_table":2,"minecraft:interact_with_furnace":61,"minecraft:mob_kills":49,"minecraft:interact_with_anvil":14,"minecraft:traded_with_villager":135,"minecraft:interact_with_crafting_table":29,"minecraft:leave_game":1,"minecraft:time_since_death":111910,"minecraft:sleep_in_bed":3,"minecraft:climb_one_cm":473,"minecraft:time_since_rest":44583,"minecraft:sprint_one_cm":367148,"minecraft:damage_taken":512,"minecraft:walk_one_cm":233808,"minecraft:drop":25,"minecraft:damage_dealt":5524,"minecraft:swim_one_cm":32584,"minecraft:talked_to_villager":56,"minecraft:fly_one_cm":304854,"minecraft:open_chest":51,"minecraft:crouch_one_cm":5129,"minecraft:play_time":111910,"minecraft:sneak_time":2520,"minecraft:walk_under_water_one_cm":7240,"minecraft:jump":1653,"minecraft:interact_with_blast_furnace":2,"minecraft:walk_on_water_one_cm":22037,"minecraft:total_world_time":111910,"minecraft:interact_with_smoker":9,"minecraft:horse_one_cm":78119,"minecraft:fall_one_cm":33802},"minecraft:dropped":{"minecraft:stone_axe":1,"minecraft:wheat_seeds":2,"minecraft:cobbled_deepslate":22,"minecraft:rotten_flesh":9,"minecraft:feather":2,"minecraft:cobblestone":196,"minecraft:stick":5,"minecraft:diorite":6,"minecraft:andesite":26,"minecraft:diamond_pickaxe":1,"minecraft:stone_pickaxe":1,"minecraft:egg":6},"minecraft:used":{"minecraft:diorite":2,"minecraft:oak_planks":20,"minecraft:birch_boat":1,"minecraft:wooden_pickaxe":14,"minecraft:diamond_axe":588,"minecraft:cooked_salmon":2,"minecraft:cooked_chicken":2,"minecraft:netherrack":6,"minecraft:torch":3,"minecraft:dirt":4,"minecraft:anvil":1,"minecraft:crafting_table":3,"minecraft:carrot":1,"minecraft:dripstone_block":2,"minecraft:white_bed":1,"minecraft:granite":57,"minecraft:diamond_pickaxe":593,"minecraft:iron_block":1,"minecraft:spruce_sapling":14,"minecraft:gravel":3,"minecraft:stone_axe":17,"minecraft:diamond_sword":87,"minecraft:cobblestone":4,"minecraft:sweet_berries":43,"minecraft:furnace":8,"minecraft:oak_sapling":10,"minecraft:pointed_dripstone":1,"minecraft:egg":2,"minecraft:cooked_beef":7},"minecraft:mined":{"minecraft:podzol":1,"minecraft:nether_gold_ore":8,"minecraft:torch":2,"minecraft:glow_lichen":1,"minecraft:granite":58,"minecraft:crafting_table":2,"minecraft:short_grass":17,"minecraft:grass_block":3,"minecraft:copper_ore":5,"minecraft:nether_quartz_ore":12,"minecraft:tall_grass":2,"minecraft:cobblestone":5,"minecraft:spruce_leaves":3,"minecraft:oak_planks":6,"minecraft:diorite":8,"minecraft:wall_torch":2,"minecraft:spruce_sapling":1,"minecraft:furnace":8,"minecraft:iron_ore":41,"minecraft:sweet_berry_bush":17,"minecraft:spruce_log":559,"minecraft:andesite":26,"minecraft:pointed_dripstone":1,"minecraft:deepslate_iron_ore":19,"minecraft:coal_ore":40,"minecraft:oak_log":27,"minecraft:dripstone_block":3,"minecraft:gravel":6,"minecraft:dirt":1,"minecraft:chipped_anvil":1,"minecraft:iron_block":1,"minecraft:deepslate":22,"minecraft:stone":292,"minecraft:netherrack":52,"minecraft:oak_leaves":4,"minecraft:fern":1}},"DataVersion":3953}