{"stats":{"minecraft:custom":{"minecraft:mob_kills":85,"minecraft:interact_with_crafting_table":90,"minecraft:leave_game":8,"minecraft:time_since_death":56702,"minecraft:climb_one_cm":1755,"minecraft:sprint_one_cm":663036,"minecraft:walk_one_cm":615850,"minecraft:damage_blocked_by_shield":913,"minecraft:drop":47,"minecraft:talked_to_villager":14,"minecraft:play_time":258601,"minecraft:deaths":20,"minecraft:sneak_time":9211,"minecraft:walk_under_water_one_cm":25746,"minecraft:boat_one_cm":329416,"minecraft:jump":3438,"minecraft:walk_on_water_one_cm":44911,"minecraft:total_world_time":258601,"minecraft:interact_with_furnace":85,"minecraft:traded_with_villager":9,"minecraft:sleep_in_bed":17,"minecraft:time_since_rest":18579,"minecraft:damage_taken":7110,"minecraft:damage_dealt":8213,"minecraft:swim_one_cm":90077,"minecraft:fly_one_cm":574482,"minecraft:open_chest":46,"minecraft:crouch_one_cm":21167,"minecraft:interact_with_smoker":38,"minecraft:fall_one_cm":92398},"minecraft:killed_by":{"minecraft:player":3,"minecraft:creeper":1,"minecraft:spider":1,"minecraft:enderman":1,"minecraft:skeleton":10,"minecraft:zombie":2},"minecraft:dropped":{"minecraft:wheat_seeds":1,"minecraft:fletching_table":1,"minecraft:flint":32,"minecraft:emerald":9,"minecraft:iron_pickaxe":1,"minecraft:cooked_mutton":3},"minecraft:crafted":{"minecraft:smooth_stone":3,"minecraft:oak_planks":380,"minecraft:stone_shovel":5,"minecraft:leather_boots":1,"minecraft:furnace":8,"minecraft:blast_furnace":1,"minecraft:stone":4,"minecraft:cooked_mutton":35,"minecraft:iron_boots":1,"minecraft:iron_axe":1,"minecraft:stone_pickaxe":9,"minecraft:chest":1,"minecraft:dark_oak_planks":32,"minecraft:smoker":3,"minecraft:cooked_beef":7,"minecraft:emerald":9,"minecraft:cooked_porkchop":9,"minecraft:crafting_table":11,"minecraft:iron_helmet":1,"minecraft:wooden_pickaxe":4,"minecraft:baked_potato":10,"minecraft:iron_sword":1,"minecraft:stone_axe":6,"minecraft:air":0,"minecraft:oak_boat":2,"minecraft:iron_chestplate":1,"minecraft:diamond_pickaxe":2,"minecraft:shield":3,"minecraft:stick":480,"minecraft:iron_ingot":65,"minecraft:iron_pickaxe":5,"minecraft:wooden_axe":3,"minecraft:stone_sword":1,"minecraft:iron_shovel":1,"minecraft:iron_leggings":2,"minecraft:black_bed":1,"minecraft:white_bed":3,"minecraft:acacia_planks":108,"minecraft:torch":168,"minecraft:diamond_chestplate":1},"minecraft:broken":{"minecraft:stone_pickaxe":3,"minecraft:iron_pickaxe":2,"minecraft:wooden_axe":4,"minecraft:stone_shovel":1},"minecraft:used":{"minecraft:stone_sword":2,"minecraft:stone_shovel":190,"minecraft:chest":2,"minecraft:shield":17,"minecraft:stone":1,"minecraft:iron_sword":40,"minecraft:iron_chestplate":1,"minecraft:torch":23,"minecraft:dirt":85,"minecraft:mutton":1,"minecraft:granite":3,"minecraft:dark_oak_planks":2,"minecraft:wooden_axe":143,"minecraft:iron_axe":1,"minecraft:iron_helmet":2,"minecraft:iron_boots":1,"minecraft:beef":1,"minecraft:furnace":8,"minecraft:cooked_beef":3,"minecraft:cobbled_deepslate":1,"minecraft:acacia_planks":2,"minecraft:iron_leggings":2,"minecraft:cooked_mutton":11,"minecraft:diorite":23,"minecraft:baked_potato":10,"minecraft:stone_pickaxe":581,"minecraft:oak_planks":1,"minecraft:wooden_pickaxe":93,"minecraft:fletching_table":5,"minecraft:leather_boots":2,"minecraft:mossy_cobblestone":6,"minecraft:crafting_table":29,"minecraft:white_bed":4,"minecraft:black_bed":3,"minecraft:smoker":7,"minecraft:oak_log":1,"minecraft:diamond_pickaxe":66,"minecraft:bread":2,"minecraft:iron_pickaxe":861,"minecraft:gravel":103,"minecraft:stone_axe":227,"minecraft:cobblestone":48,"minecraft:porkchop":3,"minecraft:cooked_porkchop":7,"minecraft:andesite":20,"minecraft:yellow_bed":1,"minecraft:oak_boat":4,"minecraft:smooth_stone":1,"minecraft:dandelion":1},"minecraft:picked_up":{"minecraft:wooden_axe":2,"minecraft:crafting_table":32,"minecraft:chicken":10,"minecraft:brown_mushroom":1,"minecraft:wooden_pickaxe":6,"minecraft:shield":6,"minecraft:string":7,"minecraft:raw_copper":12,"minecraft:smooth_stone":1,"minecraft:cobbled_deepslate":222,"minecraft:beef":65,"minecraft:oak_boat":4,"minecraft:poppy":2,"minecraft:iron_pickaxe":1,"minecraft:chest":1,"minecraft:egg":19,"minecraft:furnace":7,"minecraft:stick":131,"minecraft:raw_iron":116,"minecraft:torch":18,"minecraft:acacia_log":27,"minecraft:porkchop":40,"minecraft:diorite":37,"minecraft:dark_oak_planks":2,"minecraft:rotten_flesh":4,"minecraft:arrow":4,"minecraft:mutton":74,"minecraft:cobblestone":883,"minecraft:white_wool":43,"minecraft:feather":26,"minecraft:cooked_beef":2,"minecraft:andesite":85,"minecraft:black_bed":2,"minecraft:leather":37,"minecraft:smoker":5,"minecraft:flint":68,"minecraft:tuff":46,"minecraft:oak_log":116,"minecraft:lily_pad":7,"minecraft:yellow_bed":1,"minecraft:lapis_lazuli":38,"minecraft:dirt":113,"minecraft:leather_boots":4,"minecraft:cooked_mutton":32,"minecraft:bone":4,"minecraft:acacia_planks":2,"minecraft:apple":4,"minecraft:wheat_seeds":12,"minecraft:raw_gold":14,"minecraft:cooked_chicken":7,"minecraft:stone_pickaxe":9,"minecraft:iron_ingot":14,"minecraft:fletching_table":6,"minecraft:acacia_sapling":7,"minecraft:oak_planks":299,"minecraft:cooked_porkchop":28,"minecraft:dandelion":1,"minecraft:gravel":120,"minecraft:white_bed":3,"minecraft:dark_oak_log":12,"minecraft:mossy_cobblestone":6,"minecraft:diamond":53,"minecraft:stone_axe":6,"minecraft:iron_helmet":2,"minecraft:granite":22,"minecraft:gray_wool":5,"minecraft:baked_potato":5,"minecraft:oak_sapling":14,"minecraft:black_wool":3,"minecraft:coal":381,"minecraft:diamond_pickaxe":1},"minecraft:killed":{"minecraft:spider":1,"minecraft:skeleton":2,"minecraft:horse":1,"minecraft:chicken":10,"minecraft:pig":22,"minecraft:sheep":30,"minecraft:zombie":3,"minecraft:cow":16},"minecraft:mined":{"minecraft:dark_oak_planks":2,"minecraft:tuff":46,"minecraft:white_bed":4,"minecraft:mossy_cobblestone":6,"minecraft:deepslate_diamond_ore":50,"minecraft:dark_oak_log":12,"minecraft:glow_lichen":1,"minecraft:granite":28,"minecraft:acacia_log":27,"minecraft:grass_block":22,"minecraft:smooth_stone":1,"minecraft:tall_seagrass":1,"minecraft:furnace":7,"minecraft:iron_ore":89,"minecraft:andesite":86,"minecraft:fletching_table":5,"minecraft:deepslate_iron_ore":14,"minecraft:vine":1,"minecraft:stone":751,"minecraft:brown_mushroom":1,"minecraft:smoker":5,"minecraft:dandelion":1,"minecraft:crafting_table":25,"minecraft:short_grass":47,"minecraft:chest":1,"minecraft:tall_grass":5,"minecraft:copper_ore":8,"minecraft:cobblestone":4,"minecraft:deepslate_gold_ore":14,"minecraft:lapis_ore":6,"minecraft:oak_planks":1,"minecraft:diorite":25,"minecraft:wall_torch":4,"minecraft:seagrass":1,"minecraft:black_bed":2,"minecraft:yellow_bed":1,"minecraft:oak_log":115,"minecraft:coal_ore":203,"minecraft:gravel":131,"minecraft:dirt":77,"minecraft:acacia_planks":2,"minecraft:oak_leaves":38,"minecraft:deepslate":225}},"DataVersion":3953}