{"stats":{"minecraft:killed":{"minecraft:spider":1,"minecraft:skeleton":2,"minecraft:horse":1,"minecraft:chicken":10,"minecraft:pig":22,"minecraft:sheep":34,"minecraft:trader_llama":2,"minecraft:zombie":3,"minecraft:cow":24},"minecraft:killed_by":{"minecraft:player":3,"minecraft:creeper":1,"minecraft:spider":1,"minecraft:enderman":1,"minecraft:skeleton":10,"minecraft:zombie":2},"minecraft:mined":{"minecraft:dark_oak_planks":2,"minecraft:nether_gold_ore":1,"minecraft:tuff":87,"minecraft:white_bed":4,"minecraft:mossy_cobblestone":6,"minecraft:deepslate_diamond_ore":88,"minecraft:dark_oak_log":92,"minecraft:brewing_stand":1,"minecraft:obsidian":12,"minecraft:glow_lichen":1,"minecraft:granite":28,"minecraft:acacia_log":27,"minecraft:grass_block":24,"minecraft:spruce_leaves":4,"minecraft:chiseled_stone_bricks":1,"minecraft:smooth_stone":1,"minecraft:tall_seagrass":1,"minecraft:redstone_ore":8,"minecraft:magma_block":2,"minecraft:spruce_sapling":5,"minecraft:furnace":8,"minecraft:iron_ore":91,"minecraft:andesite":95,"minecraft:fletching_table":5,"minecraft:deepslate_iron_ore":14,"minecraft:vine":1,"minecraft:stone":806,"minecraft:brown_mushroom":1,"minecraft:smoker":6,"minecraft:dandelion":1,"minecraft:crafting_table":29,"minecraft:torch":5,"minecraft:short_grass":70,"minecraft:blast_furnace":1,"minecraft:chest":1,"minecraft:copper_ore":8,"minecraft:tall_grass":5,"minecraft:cobblestone":5,"minecraft:deepslate_gold_ore":22,"minecraft:lapis_ore":6,"minecraft:oak_planks":1,"minecraft:diorite":38,"minecraft:wall_torch":6,"minecraft:seagrass":1,"minecraft:spruce_log":1191,"minecraft:black_bed":3,"minecraft:yellow_bed":1,"minecraft:oak_log":115,"minecraft:coal_ore":222,"minecraft:gravel":132,"minecraft:sand":6,"minecraft:dirt":77,"minecraft:acacia_planks":2,"minecraft:netherrack":116,"minecraft:oak_leaves":42,"minecraft:deepslate":534},"minecraft:picked_up":{"minecraft:wooden_axe":2,"minecraft:crafting_table":36,"minecraft:chicken":10,"minecraft:golden_pickaxe":1,"minecraft:brown_mushroom":1,"minecraft:lead":2,"minecraft:wooden_pickaxe":6,"minecraft:enchanted_book":4,"minecraft:brewing_stand":1,"minecraft:shield":6,"minecraft:string":7,"minecraft:raw_copper":12,"minecraft:smooth_stone":1,"minecraft:cobbled_deepslate":533,"minecraft:beef":83,"minecraft:oak_boat":5,"minecraft:poppy":2,"minecraft:iron_pickaxe":1,"minecraft:chest":1,"minecraft:furnace":8,"minecraft:egg":23,"minecraft:stick":185,"minecraft:raw_iron":118,"minecraft:torch":25,"minecraft:acacia_log":27,"minecraft:porkchop":40,"minecraft:diorite":46,"minecraft:redstone":35,"minecraft:dark_oak_planks":2,"minecraft:arrow":4,"minecraft:rotten_flesh":4,"minecraft:hay_block":42,"minecraft:obsidian":11,"minecraft:mutton":79,"minecraft:white_wool":46,"minecraft:cobblestone":982,"minecraft:feather":26,"minecraft:cooked_beef":2,"minecraft:water_bucket":1,"minecraft:andesite":92,"minecraft:black_bed":3,"minecraft:leather":48,"minecraft:smoker":6,"minecraft:flint":68,"minecraft:tuff":129,"minecraft:oak_log":121,"minecraft:lily_pad":7,"minecraft:yellow_bed":1,"minecraft:lapis_lazuli":38,"minecraft:dirt":116,"minecraft:leather_boots":4,"minecraft:cooked_mutton":32,"minecraft:bone":4,"minecraft:acacia_planks":2,"minecraft:apple":4,"minecraft:wheat_seeds":20,"minecraft:raw_gold":22,"minecraft:iron_ingot":14,"minecraft:stone_pickaxe":9,"minecraft:cooked_chicken":7,"minecraft:fletching_table":7,"minecraft:oak_planks":299,"minecraft:acacia_sapling":7,"minecraft:cooked_porkchop":28,"minecraft:chiseled_stone_bricks":1,"minecraft:dandelion":1,"minecraft:gravel":122,"minecraft:sand":6,"minecraft:spruce_sapling":107,"minecraft:blast_furnace":1,"minecraft:white_bed":3,"minecraft:spruce_log":1163,"minecraft:dark_oak_log":75,"minecraft:mossy_cobblestone":6,"minecraft:diamond":91,"minecraft:stone_axe":6,"minecraft:iron_helmet":2,"minecraft:granite":22,"minecraft:gray_wool":6,"minecraft:bread":1,"minecraft:netherrack":97,"minecraft:baked_potato":5,"minecraft:oak_sapling":14,"minecraft:black_wool":3,"minecraft:coal":453,"minecraft:diamond_pickaxe":2},"minecraft:used":{"minecraft:iron_shovel":3,"minecraft:stone_sword":2,"minecraft:flint_and_steel":1,"minecraft:stone_shovel":190,"minecraft:chest":2,"minecraft:shield":17,"minecraft:iron_sword":40,"minecraft:stone":1,"minecraft:cooked_chicken":7,"minecraft:netherrack":63,"minecraft:iron_chestplate":1,"minecraft:torch":33,"minecraft:dirt":86,"minecraft:mutton":1,"minecraft:tuff":2,"minecraft:obsidian":12,"minecraft:granite":3,"minecraft:dark_oak_planks":2,"minecraft:wooden_axe":143,"minecraft:iron_axe":141,"minecraft:iron_helmet":2,"minecraft:iron_boots":1,"minecraft:beef":1,"minecraft:furnace":8,"minecraft:cooked_beef":3,"minecraft:cobbled_deepslate":1,"minecraft:acacia_planks":2,"minecraft:iron_leggings":2,"minecraft:cooked_mutton":11,"minecraft:diorite":30,"minecraft:baked_potato":10,"minecraft:oak_planks":5,"minecraft:stone_pickaxe":581,"minecraft:wooden_pickaxe":93,"minecraft:diamond_axe":1227,"minecraft:fletching_table":5,"minecraft:leather_boots":2,"minecraft:mossy_cobblestone":6,"minecraft:crafting_table":33,"minecraft:blast_furnace":1,"minecraft:white_bed":4,"minecraft:black_bed":4,"minecraft:smoker":7,"minecraft:oak_log":1,"minecraft:diamond_pickaxe":686,"minecraft:bread":3,"minecraft:iron_pickaxe":889,"minecraft:gravel":103,"minecraft:spruce_sapling":21,"minecraft:chiseled_stone_bricks":1,"minecraft:stone_axe":227,"minecraft:diamond_sword":5,"minecraft:cobblestone":78,"travelersbackpack:standard":2,"minecraft:porkchop":3,"minecraft:cooked_porkchop":15,"minecraft:andesite":75,"minecraft:yellow_bed":1,"minecraft:oak_boat":5,"minecraft:dandelion":1,"minecraft:smooth_stone":1},"minecraft:dropped":{"minecraft:water_bucket":1,"minecraft:iron_ingot":27,"minecraft:bread":1,"minecraft:wheat_seeds":7,"minecraft:iron_helmet":1,"minecraft:cobblestone":271,"minecraft:fletching_table":2,"minecraft:emerald":9,"minecraft:flint":32,"minecraft:dirt":2,"minecraft:brewing_stand":1,"minecraft:diorite":4,"minecraft:iron_pickaxe":1,"minecraft:spruce_sapling":24,"minecraft:gravel":4,"minecraft:cobbled_deepslate":256,"minecraft:tuff":106,"minecraft:iron_boots":1,"minecraft:cooked_mutton":3,"minecraft:hay_block":42,"minecraft:diamond_pickaxe":1,"minecraft:iron_chestplate":1,"minecraft:spruce_log":64,"minecraft:egg":2},"minecraft:custom":{"minecraft:interact_with_anvil":5,"minecraft:mob_kills":100,"minecraft:interact_with_crafting_table":112,"minecraft:leave_game":14,"minecraft:time_since_death":186951,"minecraft:climb_one_cm":1755,"minecraft:sprint_one_cm":1088229,"minecraft:walk_one_cm":886024,"minecraft:damage_blocked_by_shield":913,"minecraft:drop":80,"minecraft:talked_to_villager":56,"minecraft:play_time":388850,"minecraft:sneak_time":10412,"minecraft:deaths":20,"minecraft:walk_under_water_one_cm":31188,"minecraft:boat_one_cm":697450,"minecraft:jump":4805,"minecraft:interact_with_blast_furnace":13,"minecraft:walk_on_water_one_cm":52906,"minecraft:total_world_time":388850,"minecraft:interact_with_furnace":94,"minecraft:traded_with_villager":377,"minecraft:sleep_in_bed":26,"minecraft:time_since_rest":7676,"minecraft:damage_taken":7474,"minecraft:damage_dealt":10724,"minecraft:swim_one_cm":104796,"minecraft:player_kills":2,"minecraft:fly_one_cm":846837,"minecraft:open_chest":112,"minecraft:crouch_one_cm":23928,"minecraft:interact_with_smoker":38,"minecraft:fall_one_cm":114805},"minecraft:crafted":{"minecraft:smooth_stone":3,"minecraft:oak_planks":400,"minecraft:stone_shovel":5,"minecraft:leather_boots":1,"minecraft:furnace":8,"minecraft:blast_furnace":1,"minecraft:stone":4,"minecraft:diamond_shovel":1,"minecraft:cooked_mutton":35,"minecraft:glass_pane":32,"minecraft:flint_and_steel":1,"minecraft:glass":38,"travelersbackpack:white_sleeping_bag":1,"minecraft:diamond_helmet":1,"minecraft:diamond_leggings":1,"minecraft:iron_boots":1,"minecraft:iron_axe":1,"minecraft:stone_pickaxe":9,"minecraft:chest":2,"minecraft:diamond_boots":1,"minecraft:dark_oak_planks":288,"minecraft:smoker":3,"minecraft:cooked_beef":7,"minecraft:diamond_sword":1,"minecraft:emerald":377,"minecraft:cooked_porkchop":9,"minecraft:diamond_axe":1,"minecraft:crafting_table":11,"minecraft:spruce_planks":6004,"travelersbackpack:standard":1,"travelersbackpack:backpack_tank":2,"minecraft:baked_potato":10,"minecraft:wooden_pickaxe":4,"minecraft:iron_helmet":1,"minecraft:iron_sword":1,"minecraft:bucket":1,"minecraft:stone_axe":6,"minecraft:air":0,"minecraft:oak_boat":3,"minecraft:iron_chestplate":1,"minecraft:diamond_pickaxe":2,"minecraft:shield":4,"minecraft:stick":12012,"minecraft:iron_ingot":101,"minecraft:iron_pickaxe":5,"minecraft:wooden_axe":3,"minecraft:stone_sword":1,"minecraft:iron_shovel":1,"minecraft:gold_ingot":22,"minecraft:iron_leggings":2,"minecraft:black_bed":1,"minecraft:white_bed":3,"minecraft:acacia_planks":108,"minecraft:torch":168,"minecraft:diamond_chestplate":1},"minecraft:broken":{"minecraft:stone_pickaxe":3,"minecraft:iron_pickaxe":3,"minecraft:wooden_axe":4,"minecraft:stone_shovel":1}},"DataVersion":3953}