{"stats":{"minecraft:killed_by":{"minecraft:zombified_piglin":2,"minecraft:creeper":1,"minecraft:zombie":2,"minecraft:player":3,"minecraft:spider":1,"minecraft:enderman":1,"minecraft:skeleton":10},"minecraft:crafted":{"minecraft:oak_planks":400,"minecraft:smooth_stone":3,"minecraft:stone":4,"minecraft:diamond_shovel":1,"minecraft:bookshelf":2,"minecraft:cooked_mutton":41,"minecraft:glass":38,"minecraft:diamond_helmet":2,"minecraft:diamond_leggings":2,"minecraft:iron_boots":1,"minecraft:chest":2,"minecraft:smoker":3,"minecraft:emerald":604,"minecraft:cooked_porkchop":9,"minecraft:diamond_axe":1,"minecraft:crafting_table":11,"minecraft:spruce_planks":9076,"minecraft:iron_helmet":1,"minecraft:wooden_pickaxe":4,"minecraft:baked_potato":10,"travelersbackpack:standard":1,"minecraft:spruce_door":3,"minecraft:smithing_table":1,"minecraft:spruce_trapdoor":10,"minecraft:iron_chestplate":1,"minecraft:diamond_pickaxe":3,"minecraft:shield":5,"minecraft:stick":19103,"minecraft:iron_ingot":101,"minecraft:iron_pickaxe":5,"minecraft:stone_sword":1,"minecraft:gold_ingot":22,"minecraft:black_bed":1,"minecraft:stone_shovel":5,"minecraft:leather_boots":1,"minecraft:furnace":8,"minecraft:blast_furnace":1,"minecraft:glass_pane":32,"minecraft:flint_and_steel":1,"travelersbackpack:white_sleeping_bag":1,"minecraft:tuff_slab":12,"minecraft:iron_axe":1,"minecraft:ladder":9,"minecraft:stone_pickaxe":9,"minecraft:diamond_boots":2,"minecraft:dark_oak_planks":288,"minecraft:cooked_beef":10,"minecraft:diamond_sword":2,"travelersbackpack:backpack_tank":2,"minecraft:iron_sword":1,"minecraft:bucket":1,"minecraft:stone_axe":6,"minecraft:enchanted_book":4,"minecraft:air":0,"minecraft:oak_boat":3,"minecraft:wooden_axe":3,"minecraft:iron_shovel":1,"minecraft:iron_leggings":2,"minecraft:white_bed":3,"minecraft:acacia_planks":108,"minecraft:torch":168,"minecraft:diamond_chestplate":2},"minecraft:killed":{"minecraft:zombified_piglin":1,"minecraft:spider":1,"minecraft:skeleton":2,"minecraft:chicken":11,"minecraft:piglin":3,"minecraft:pig":22,"minecraft:sheep":35,"minecraft:trader_llama":2,"minecraft:zombie":7,"minecraft:cow":25,"minecraft:blaze":4,"minecraft:horse":1,"minecraft:wither_skeleton":4},"minecraft:picked_up":{"minecraft:wooden_axe":2,"minecraft:lead":2,"minecraft:diamond_sword":3,"minecraft:enchanted_book":4,"minecraft:brewing_stand":1,"minecraft:golden_sword":1,"minecraft:string":7,"minecraft:raw_copper":12,"minecraft:netherite_ingot":1,"minecraft:diamond_leggings":1,"minecraft:cobbled_deepslate":533,"minecraft:gold_nugget":18,"minecraft:smooth_stone":1,"minecraft:spruce_planks":550,"minecraft:iron_pickaxe":1,"minecraft:furnace":8,"minecraft:stick":200,"minecraft:torch":25,"minecraft:acacia_log":27,"minecraft:porkchop":40,"minecraft:diorite":46,"minecraft:rotten_flesh":8,"minecraft:blaze_rod":2,"minecraft:obsidian":35,"minecraft:cobblestone":999,"minecraft:feather":26,"minecraft:cooked_beef":2,"minecraft:water_bucket":1,"minecraft:andesite":92,"minecraft:black_bed":6,"minecraft:smoker":7,"minecraft:flint":68,"minecraft:tuff":187,"minecraft:dirt":120,"minecraft:lapis_lazuli":38,"minecraft:leather_boots":4,"minecraft:bone":9,"minecraft:acacia_planks":2,"minecraft:wheat_seeds":20,"minecraft:raw_gold":22,"minecraft:diamond_helmet":1,"minecraft:fletching_table":7,"minecraft:oak_planks":299,"minecraft:cooked_porkchop":41,"minecraft:sand":10,"minecraft:dark_oak_log":75,"minecraft:mossy_cobblestone":6,"minecraft:diamond":91,"minecraft:granite":22,"minecraft:bread":1,"minecraft:emerald":241,"minecraft:oak_sapling":14,"minecraft:netherrack":922,"minecraft:diamond_pickaxe":7,"minecraft:crafting_table":40,"minecraft:chicken":11,"minecraft:ladder":5,"minecraft:golden_pickaxe":1,"minecraft:brown_mushroom":1,"minecraft:wooden_pickaxe":6,"minecraft:shield":6,"minecraft:iron_axe":2,"minecraft:iron_shovel":1,"minecraft:beef":84,"minecraft:oak_boat":6,"minecraft:poppy":4,"minecraft:sugar_cane":11,"minecraft:chest":1,"minecraft:spruce_trapdoor":9,"minecraft:egg":24,"minecraft:raw_iron":118,"minecraft:redstone":35,"minecraft:dark_oak_planks":2,"minecraft:diamond_chestplate":1,"minecraft:arrow":5,"minecraft:nether_bricks":5,"minecraft:diamond_boots":1,"minecraft:hay_block":42,"minecraft:gold_ingot":21,"minecraft:mutton":80,"minecraft:white_wool":47,"minecraft:leather":50,"minecraft:oak_log":121,"minecraft:lily_pad":7,"minecraft:yellow_bed":1,"minecraft:cooked_mutton":32,"minecraft:apple":4,"minecraft:iron_ingot":25,"minecraft:stone_pickaxe":9,"minecraft:cooked_chicken":7,"minecraft:acacia_sapling":7,"minecraft:book":6,"minecraft:chiseled_stone_bricks":1,"minecraft:quartz":32,"minecraft:dandelion":1,"minecraft:gravel":122,"minecraft:tuff_slab":5,"minecraft:spruce_sapling":186,"minecraft:blast_furnace":2,"minecraft:white_bed":3,"minecraft:spruce_log":1272,"minecraft:spruce_door":7,"travelersbackpack:standard":1,"minecraft:stone_axe":6,"minecraft:iron_helmet":2,"minecraft:diamond_axe":3,"minecraft:gray_wool":6,"minecraft:baked_potato":5,"minecraft:black_wool":3,"minecraft:coal":464},"minecraft:custom":{"minecraft:interact_with_crafting_table":129,"minecraft:leave_game":16,"minecraft:time_since_death":102480,"minecraft:sprint_one_cm":1338686,"minecraft:damage_blocked_by_shield":2293,"minecraft:drop":158,"minecraft:talked_to_villager":92,"minecraft:play_time":520300,"minecraft:deaths":22,"minecraft:jump":6505,"minecraft:walk_on_water_one_cm":60717,"minecraft:interact_with_furnace":94,"minecraft:traded_with_villager":610,"minecraft:sleep_in_bed":30,"minecraft:damage_dealt":14134,"minecraft:player_kills":2,"minecraft:crouch_one_cm":36656,"minecraft:interact_with_smoker":45,"minecraft:interact_with_smithing_table":1,"minecraft:mob_kills":119,"minecraft:interact_with_anvil":12,"minecraft:climb_one_cm":16324,"minecraft:walk_one_cm":1181551,"minecraft:sneak_time":14968,"minecraft:walk_under_water_one_cm":36652,"minecraft:boat_one_cm":783706,"minecraft:interact_with_blast_furnace":13,"minecraft:total_world_time":520300,"minecraft:time_since_rest":8514,"minecraft:damage_taken":9142,"minecraft:swim_one_cm":109771,"minecraft:fly_one_cm":971638,"minecraft:open_chest":171,"minecraft:fall_one_cm":134265},"minecraft:dropped":{"minecraft:diamond_axe":2,"minecraft:diamond":28,"minecraft:fletching_table":2,"minecraft:emerald":9,"minecraft:flint":32,"minecraft:dirt":6,"minecraft:gold_nugget":1,"minecraft:sand":4,"minecraft:iron_pickaxe":1,"minecraft:white_wool":1,"minecraft:gravel":4,"minecraft:cobbled_deepslate":256,"minecraft:cooked_mutton":3,"minecraft:egg":2,"minecraft:water_bucket":1,"minecraft:iron_ingot":27,"minecraft:bread":1,"minecraft:wheat_seeds":7,"minecraft:diamond_leggings":1,"minecraft:iron_helmet":1,"minecraft:cobblestone":284,"minecraft:stick":13,"minecraft:diorite":4,"minecraft:brewing_stand":1,"minecraft:diamond_helmet":1,"minecraft:iron_axe":2,"minecraft:spruce_sapling":24,"minecraft:netherite_ingot":2,"minecraft:tuff":106,"minecraft:iron_boots":1,"minecraft:diamond_sword":2,"minecraft:hay_block":42,"minecraft:diamond_chestplate":1,"minecraft:iron_chestplate":1,"minecraft:diamond_pickaxe":5,"minecraft:diamond_boots":1,"minecraft:spruce_log":64},"minecraft:broken":{"minecraft:stone_pickaxe":3,"minecraft:wooden_axe":4,"minecraft:stone_shovel":1,"minecraft:shield":1,"minecraft:iron_pickaxe":3},"minecraft:used":{"minecraft:tuff_slab":11,"minecraft:iron_shovel":3,"minecraft:ladder":12,"minecraft:chest":2,"minecraft:shield":50,"minecraft:stone":1,"minecraft:iron_sword":40,"minecraft:iron_chestplate":1,"minecraft:mutton":1,"minecraft:nether_bricks":2,"minecraft:tuff":2,"minecraft:obsidian":12,"minecraft:iron_helmet":2,"minecraft:furnace":8,"minecraft:diorite":30,"minecraft:diamond_boots":1,"minecraft:spruce_door":8,"minecraft:stone_pickaxe":581,"minecraft:oak_planks":5,"minecraft:wooden_pickaxe":93,"minecraft:diamond_axe":1356,"minecraft:blast_furnace":2,"minecraft:black_bed":6,"minecraft:bread":3,"minecraft:gravel":103,"minecraft:diamond_sword":115,"minecraft:smithing_table":1,"minecraft:andesite":75,"minecraft:oak_boat":6,"minecraft:stone_sword":2,"minecraft:flint_and_steel":1,"minecraft:stone_shovel":190,"minecraft:cooked_chicken":7,"minecraft:netherrack":373,"minecraft:torch":33,"minecraft:dirt":86,"minecraft:granite":3,"minecraft:wooden_axe":143,"minecraft:dark_oak_planks":2,"minecraft:bookshelf":2,"minecraft:iron_axe":146,"minecraft:iron_boots":1,"minecraft:beef":1,"minecraft:cooked_beef":3,"minecraft:acacia_planks":2,"minecraft:cobbled_deepslate":1,"minecraft:iron_leggings":2,"minecraft:cooked_mutton":14,"minecraft:water_bucket":3,"minecraft:baked_potato":10,"minecraft:fletching_table":5,"minecraft:leather_boots":2,"minecraft:mossy_cobblestone":6,"minecraft:crafting_table":37,"minecraft:white_bed":4,"minecraft:smoker":9,"minecraft:oak_log":1,"minecraft:diamond_pickaxe":1824,"minecraft:chicken":1,"minecraft:iron_pickaxe":889,"minecraft:spruce_trapdoor":19,"minecraft:spruce_sapling":36,"minecraft:stone_axe":227,"minecraft:chiseled_stone_bricks":1,"minecraft:cobblestone":82,"travelersbackpack:standard":13,"minecraft:cooked_porkchop":30,"minecraft:porkchop":3,"minecraft:bucket":4,"minecraft:yellow_bed":1,"minecraft:dandelion":1,"minecraft:diamond_leggings":1,"minecraft:smooth_stone":1},"minecraft:mined":{"minecraft:dark_oak_planks":2,"minecraft:white_bed":4,"minecraft:brewing_stand":1,"minecraft:obsidian":40,"minecraft:spruce_trapdoor":9,"minecraft:granite":28,"minecraft:acacia_log":27,"minecraft:grass_block":28,"minecraft:chiseled_stone_bricks":1,"minecraft:smooth_stone":1,"minecraft:tall_seagrass":1,"minecraft:magma_block":2,"minecraft:iron_ore":91,"minecraft:fire":13,"minecraft:fletching_table":5,"minecraft:brown_mushroom":1,"minecraft:smoker":7,"minecraft:torch":5,"minecraft:blast_furnace":2,"minecraft:chest":1,"minecraft:nether_quartz_ore":19,"minecraft:cobblestone":18,"minecraft:sugar_cane":4,"minecraft:oak_planks":1,"minecraft:wall_torch":6,"minecraft:seagrass":1,"minecraft:black_bed":6,"minecraft:oak_log":115,"minecraft:sand":16,"minecraft:dirt":77,"minecraft:netherrack":1154,"minecraft:oak_leaves":44,"minecraft:deepslate":534,"minecraft:nether_gold_ore":1,"minecraft:tuff":87,"minecraft:mossy_cobblestone":6,"minecraft:deepslate_diamond_ore":88,"minecraft:dark_oak_log":92,"minecraft:glow_lichen":1,"minecraft:ladder":4,"minecraft:nether_bricks":6,"minecraft:spruce_leaves":4,"minecraft:redstone_ore":8,"minecraft:spruce_sapling":7,"minecraft:furnace":8,"minecraft:andesite":95,"minecraft:bookshelf":2,"minecraft:deepslate_iron_ore":14,"minecraft:vine":1,"minecraft:stone":820,"minecraft:spruce_door":5,"minecraft:dandelion":1,"minecraft:crafting_table":33,"minecraft:tuff_slab":2,"minecraft:short_grass":73,"minecraft:tall_grass":5,"minecraft:copper_ore":8,"minecraft:lapis_ore":6,"minecraft:deepslate_gold_ore":22,"minecraft:diorite":38,"minecraft:spruce_log":1276,"minecraft:yellow_bed":1,"minecraft:coal_ore":222,"minecraft:gravel":132,"minecraft:acacia_planks":2}},"DataVersion":3953}