{"stats":{"minecraft:killed_by":{"minecraft:zombified_piglin":2,"minecraft:creeper":1,"minecraft:zombie":2,"minecraft:player":3,"minecraft:spider":1,"minecraft:enderman":1,"minecraft:skeleton":10},"minecraft:crafted":{"minecraft:oak_planks":400,"minecraft:smooth_stone":3,"minecraft:stone":4,"minecraft:diamond_shovel":1,"minecraft:bookshelf":2,"minecraft:cooked_mutton":35,"minecraft:glass":38,"minecraft:diamond_helmet":1,"minecraft:diamond_leggings":1,"minecraft:iron_boots":1,"minecraft:chest":2,"minecraft:smoker":3,"minecraft:emerald":604,"minecraft:cooked_porkchop":9,"minecraft:diamond_axe":1,"minecraft:crafting_table":11,"minecraft:spruce_planks":9076,"minecraft:iron_helmet":1,"minecraft:wooden_pickaxe":4,"minecraft:baked_potato":10,"travelersbackpack:standard":1,"minecraft:spruce_door":3,"minecraft:smithing_table":1,"minecraft:spruce_trapdoor":10,"minecraft:iron_chestplate":1,"minecraft:diamond_pickaxe":2,"minecraft:shield":5,"minecraft:stick":19103,"minecraft:iron_ingot":101,"minecraft:iron_pickaxe":5,"minecraft:stone_sword":1,"minecraft:gold_ingot":22,"minecraft:black_bed":1,"minecraft:stone_shovel":5,"minecraft:leather_boots":1,"minecraft:furnace":8,"minecraft:blast_furnace":1,"minecraft:glass_pane":32,"minecraft:flint_and_steel":1,"travelersbackpack:white_sleeping_bag":1,"minecraft:tuff_slab":12,"minecraft:iron_axe":1,"minecraft:ladder":9,"minecraft:stone_pickaxe":9,"minecraft:diamond_boots":1,"minecraft:dark_oak_planks":288,"minecraft:cooked_beef":7,"minecraft:diamond_sword":1,"travelersbackpack:backpack_tank":2,"minecraft:iron_sword":1,"minecraft:bucket":1,"minecraft:stone_axe":6,"minecraft:enchanted_book":4,"minecraft:air":0,"minecraft:oak_boat":3,"minecraft:wooden_axe":3,"minecraft:iron_shovel":1,"minecraft:iron_leggings":2,"minecraft:white_bed":3,"minecraft:acacia_planks":108,"minecraft:torch":168,"minecraft:diamond_chestplate":1},"minecraft:killed":{"minecraft:spider":1,"minecraft:skeleton":2,"minecraft:chicken":11,"minecraft:piglin":3,"minecraft:pig":22,"minecraft:sheep":34,"minecraft:trader_llama":2,"minecraft:zombie":7,"minecraft:cow":24,"minecraft:blaze":4,"minecraft:horse":1,"minecraft:wither_skeleton":4},"minecraft:picked_up":{"minecraft:wooden_axe":2,"minecraft:lead":2,"minecraft:diamond_sword":1,"minecraft:enchanted_book":4,"minecraft:brewing_stand":1,"minecraft:golden_sword":1,"minecraft:string":7,"minecraft:raw_copper":12,"minecraft:diamond_leggings":1,"minecraft:cobbled_deepslate":533,"minecraft:gold_nugget":17,"minecraft:smooth_stone":1,"minecraft:spruce_planks":550,"minecraft:iron_pickaxe":1,"minecraft:furnace":8,"minecraft:stick":194,"minecraft:torch":25,"minecraft:acacia_log":27,"minecraft:porkchop":40,"minecraft:diorite":46,"minecraft:rotten_flesh":8,"minecraft:blaze_rod":2,"minecraft:obsidian":11,"minecraft:cobblestone":982,"minecraft:feather":26,"minecraft:cooked_beef":2,"minecraft:water_bucket":1,"minecraft:andesite":92,"minecraft:black_bed":3,"minecraft:smoker":6,"minecraft:flint":68,"minecraft:tuff":187,"minecraft:dirt":116,"minecraft:lapis_lazuli":38,"minecraft:leather_boots":4,"minecraft:bone":7,"minecraft:acacia_planks":2,"minecraft:wheat_seeds":20,"minecraft:raw_gold":22,"minecraft:diamond_helmet":1,"minecraft:fletching_table":7,"minecraft:oak_planks":299,"minecraft:cooked_porkchop":41,"minecraft:sand":6,"minecraft:dark_oak_log":75,"minecraft:mossy_cobblestone":6,"minecraft:diamond":91,"minecraft:granite":22,"minecraft:bread":1,"minecraft:emerald":241,"minecraft:oak_sapling":14,"minecraft:netherrack":922,"minecraft:diamond_pickaxe":4,"minecraft:crafting_table":39,"minecraft:chicken":11,"minecraft:ladder":5,"minecraft:golden_pickaxe":1,"minecraft:brown_mushroom":1,"minecraft:wooden_pickaxe":6,"minecraft:shield":6,"minecraft:iron_axe":1,"minecraft:iron_shovel":1,"minecraft:beef":83,"minecraft:oak_boat":6,"minecraft:poppy":4,"minecraft:chest":1,"minecraft:spruce_trapdoor":9,"minecraft:egg":24,"minecraft:raw_iron":118,"minecraft:redstone":35,"minecraft:dark_oak_planks":2,"minecraft:diamond_chestplate":1,"minecraft:arrow":4,"minecraft:nether_bricks":5,"minecraft:diamond_boots":1,"minecraft:hay_block":42,"minecraft:gold_ingot":21,"minecraft:mutton":79,"minecraft:white_wool":46,"minecraft:leather":48,"minecraft:oak_log":121,"minecraft:lily_pad":7,"minecraft:yellow_bed":1,"minecraft:cooked_mutton":32,"minecraft:apple":4,"minecraft:iron_ingot":25,"minecraft:stone_pickaxe":9,"minecraft:cooked_chicken":7,"minecraft:acacia_sapling":7,"minecraft:book":6,"minecraft:chiseled_stone_bricks":1,"minecraft:quartz":32,"minecraft:dandelion":1,"minecraft:gravel":122,"minecraft:tuff_slab":5,"minecraft:spruce_sapling":171,"minecraft:blast_furnace":1,"minecraft:white_bed":3,"minecraft:spruce_log":1178,"minecraft:spruce_door":7,"travelersbackpack:standard":1,"minecraft:stone_axe":6,"minecraft:iron_helmet":2,"minecraft:diamond_axe":1,"minecraft:gray_wool":6,"minecraft:baked_potato":5,"minecraft:black_wool":3,"minecraft:coal":453},"minecraft:custom":{"minecraft:interact_with_crafting_table":125,"minecraft:leave_game":15,"minecraft:time_since_death":60641,"minecraft:sprint_one_cm":1217881,"minecraft:damage_blocked_by_shield":2293,"minecraft:drop":81,"minecraft:talked_to_villager":90,"minecraft:play_time":478461,"minecraft:deaths":22,"minecraft:jump":5386,"minecraft:walk_on_water_one_cm":52906,"minecraft:interact_with_furnace":94,"minecraft:traded_with_villager":610,"minecraft:sleep_in_bed":27,"minecraft:damage_dealt":13845,"minecraft:player_kills":2,"minecraft:crouch_one_cm":35450,"minecraft:interact_with_smoker":38,"minecraft:interact_with_smithing_table":1,"minecraft:mob_kills":116,"minecraft:interact_with_anvil":12,"minecraft:climb_one_cm":16324,"minecraft:walk_one_cm":1108708,"minecraft:sneak_time":14106,"minecraft:walk_under_water_one_cm":31188,"minecraft:boat_one_cm":697450,"minecraft:interact_with_blast_furnace":13,"minecraft:total_world_time":478461,"minecraft:time_since_rest":16549,"minecraft:damage_taken":9078,"minecraft:swim_one_cm":104796,"minecraft:fly_one_cm":910751,"minecraft:open_chest":151,"minecraft:fall_one_cm":129990},"minecraft:dropped":{"minecraft:fletching_table":2,"minecraft:flint":32,"minecraft:emerald":9,"minecraft:dirt":2,"minecraft:iron_pickaxe":1,"minecraft:gravel":4,"minecraft:cobbled_deepslate":256,"minecraft:cooked_mutton":3,"minecraft:egg":2,"minecraft:water_bucket":1,"minecraft:iron_ingot":27,"minecraft:bread":1,"minecraft:wheat_seeds":7,"minecraft:iron_helmet":1,"minecraft:cobblestone":271,"minecraft:diorite":4,"minecraft:brewing_stand":1,"minecraft:spruce_sapling":24,"minecraft:tuff":106,"minecraft:iron_boots":1,"minecraft:hay_block":42,"minecraft:iron_chestplate":1,"minecraft:diamond_pickaxe":2,"minecraft:spruce_log":64},"minecraft:broken":{"minecraft:stone_pickaxe":3,"minecraft:wooden_axe":4,"minecraft:stone_shovel":1,"minecraft:shield":1,"minecraft:iron_pickaxe":3},"minecraft:used":{"minecraft:tuff_slab":11,"minecraft:iron_shovel":3,"minecraft:ladder":12,"minecraft:chest":2,"minecraft:shield":50,"minecraft:stone":1,"minecraft:iron_sword":40,"minecraft:iron_chestplate":1,"minecraft:mutton":1,"minecraft:nether_bricks":2,"minecraft:tuff":2,"minecraft:obsidian":12,"minecraft:iron_helmet":2,"minecraft:furnace":8,"minecraft:diorite":30,"minecraft:diamond_boots":1,"minecraft:spruce_door":8,"minecraft:stone_pickaxe":581,"minecraft:oak_planks":5,"minecraft:wooden_pickaxe":93,"minecraft:diamond_axe":1265,"minecraft:blast_furnace":1,"minecraft:black_bed":4,"minecraft:bread":3,"minecraft:gravel":103,"minecraft:diamond_sword":105,"minecraft:smithing_table":1,"minecraft:andesite":75,"minecraft:oak_boat":5,"minecraft:stone_sword":2,"minecraft:flint_and_steel":1,"minecraft:stone_shovel":190,"minecraft:cooked_chicken":7,"minecraft:netherrack":368,"minecraft:torch":33,"minecraft:dirt":86,"minecraft:granite":3,"minecraft:wooden_axe":143,"minecraft:dark_oak_planks":2,"minecraft:bookshelf":2,"minecraft:iron_axe":146,"minecraft:iron_boots":1,"minecraft:beef":1,"minecraft:cooked_beef":3,"minecraft:acacia_planks":2,"minecraft:cobbled_deepslate":1,"minecraft:iron_leggings":2,"minecraft:cooked_mutton":11,"minecraft:baked_potato":10,"minecraft:fletching_table":5,"minecraft:leather_boots":2,"minecraft:mossy_cobblestone":6,"minecraft:crafting_table":36,"minecraft:white_bed":4,"minecraft:smoker":7,"minecraft:oak_log":1,"minecraft:diamond_pickaxe":1658,"minecraft:chicken":1,"minecraft:iron_pickaxe":889,"minecraft:spruce_trapdoor":19,"minecraft:spruce_sapling":21,"minecraft:stone_axe":227,"minecraft:chiseled_stone_bricks":1,"minecraft:cobblestone":78,"travelersbackpack:standard":12,"minecraft:cooked_porkchop":27,"minecraft:porkchop":3,"minecraft:yellow_bed":1,"minecraft:dandelion":1,"minecraft:smooth_stone":1,"minecraft:diamond_leggings":1},"minecraft:mined":{"minecraft:dark_oak_planks":2,"minecraft:white_bed":4,"minecraft:brewing_stand":1,"minecraft:obsidian":12,"minecraft:spruce_trapdoor":9,"minecraft:granite":28,"minecraft:acacia_log":27,"minecraft:grass_block":24,"minecraft:chiseled_stone_bricks":1,"minecraft:smooth_stone":1,"minecraft:tall_seagrass":1,"minecraft:magma_block":2,"minecraft:iron_ore":91,"minecraft:fire":11,"minecraft:fletching_table":5,"minecraft:brown_mushroom":1,"minecraft:smoker":6,"minecraft:torch":5,"minecraft:blast_furnace":1,"minecraft:chest":1,"minecraft:nether_quartz_ore":19,"minecraft:cobblestone":5,"minecraft:oak_planks":1,"minecraft:wall_torch":6,"minecraft:seagrass":1,"minecraft:black_bed":3,"minecraft:oak_log":115,"minecraft:sand":6,"minecraft:dirt":77,"minecraft:netherrack":1059,"minecraft:oak_leaves":42,"minecraft:deepslate":534,"minecraft:nether_gold_ore":1,"minecraft:tuff":87,"minecraft:mossy_cobblestone":6,"minecraft:deepslate_diamond_ore":88,"minecraft:dark_oak_log":92,"minecraft:glow_lichen":1,"minecraft:ladder":4,"minecraft:nether_bricks":6,"minecraft:spruce_leaves":4,"minecraft:redstone_ore":8,"minecraft:spruce_sapling":5,"minecraft:furnace":8,"minecraft:andesite":95,"minecraft:bookshelf":2,"minecraft:deepslate_iron_ore":14,"minecraft:vine":1,"minecraft:stone":806,"minecraft:spruce_door":5,"minecraft:dandelion":1,"minecraft:crafting_table":32,"minecraft:tuff_slab":2,"minecraft:short_grass":70,"minecraft:tall_grass":5,"minecraft:copper_ore":8,"minecraft:lapis_ore":6,"minecraft:deepslate_gold_ore":22,"minecraft:diorite":38,"minecraft:spruce_log":1191,"minecraft:yellow_bed":1,"minecraft:coal_ore":222,"minecraft:gravel":132,"minecraft:acacia_planks":2}},"DataVersion":3953}