{"stats":{"minecraft:picked_up":{"minecraft:wooden_axe":2,"minecraft:crafting_table":39,"minecraft:chicken":11,"minecraft:ladder":5,"minecraft:golden_pickaxe":1,"minecraft:lead":2,"minecraft:brown_mushroom":1,"minecraft:diamond_sword":1,"minecraft:wooden_pickaxe":6,"minecraft:enchanted_book":4,"minecraft:brewing_stand":1,"minecraft:shield":6,"minecraft:string":7,"minecraft:raw_copper":12,"minecraft:iron_axe":1,"minecraft:iron_shovel":1,"minecraft:diamond_leggings":1,"minecraft:smooth_stone":1,"minecraft:gold_nugget":16,"minecraft:cobbled_deepslate":533,"minecraft:spruce_planks":476,"minecraft:beef":83,"minecraft:oak_boat":6,"minecraft:poppy":4,"minecraft:iron_pickaxe":1,"minecraft:spruce_trapdoor":9,"minecraft:chest":1,"minecraft:furnace":8,"minecraft:egg":24,"minecraft:raw_iron":118,"minecraft:stick":189,"minecraft:torch":25,"minecraft:acacia_log":27,"minecraft:porkchop":40,"minecraft:diorite":46,"minecraft:redstone":35,"minecraft:dark_oak_planks":2,"minecraft:arrow":4,"minecraft:rotten_flesh":6,"minecraft:diamond_chestplate":1,"minecraft:diamond_boots":1,"minecraft:hay_block":42,"minecraft:gold_ingot":21,"minecraft:obsidian":11,"minecraft:mutton":79,"minecraft:white_wool":46,"minecraft:cobblestone":982,"minecraft:feather":26,"minecraft:cooked_beef":2,"minecraft:water_bucket":1,"minecraft:andesite":92,"minecraft:leather":48,"minecraft:black_bed":3,"minecraft:smoker":6,"minecraft:flint":68,"minecraft:tuff":187,"minecraft:oak_log":121,"minecraft:lily_pad":7,"minecraft:yellow_bed":1,"minecraft:lapis_lazuli":38,"minecraft:dirt":116,"minecraft:cooked_mutton":32,"minecraft:leather_boots":4,"minecraft:bone":4,"minecraft:acacia_planks":2,"minecraft:apple":4,"minecraft:wheat_seeds":20,"minecraft:raw_gold":22,"minecraft:iron_ingot":22,"minecraft:stone_pickaxe":9,"minecraft:cooked_chicken":7,"minecraft:fletching_table":7,"minecraft:diamond_helmet":1,"minecraft:oak_planks":299,"minecraft:acacia_sapling":7,"minecraft:cooked_porkchop":41,"minecraft:chiseled_stone_bricks":1,"minecraft:dandelion":1,"minecraft:gravel":122,"minecraft:tuff_slab":5,"minecraft:sand":6,"minecraft:spruce_sapling":171,"minecraft:blast_furnace":1,"minecraft:white_bed":3,"minecraft:spruce_log":1163,"minecraft:dark_oak_log":75,"minecraft:spruce_door":7,"minecraft:mossy_cobblestone":6,"travelersbackpack:standard":1,"minecraft:diamond":91,"minecraft:stone_axe":6,"minecraft:iron_helmet":2,"minecraft:granite":22,"minecraft:diamond_axe":1,"minecraft:gray_wool":6,"minecraft:emerald":241,"minecraft:bread":1,"minecraft:baked_potato":5,"minecraft:oak_sapling":14,"minecraft:netherrack":450,"minecraft:black_wool":3,"minecraft:coal":453,"minecraft:diamond_pickaxe":4},"minecraft:killed":{"minecraft:spider":1,"minecraft:horse":1,"minecraft:skeleton":2,"minecraft:chicken":11,"minecraft:piglin":3,"minecraft:pig":22,"minecraft:sheep":34,"minecraft:trader_llama":2,"minecraft:zombie":3,"minecraft:cow":24},"minecraft:used":{"minecraft:tuff_slab":11,"minecraft:iron_shovel":3,"minecraft:stone_sword":2,"minecraft:flint_and_steel":1,"minecraft:stone_shovel":190,"minecraft:ladder":12,"minecraft:chest":2,"minecraft:shield":46,"minecraft:iron_sword":40,"minecraft:stone":1,"minecraft:cooked_chicken":7,"minecraft:netherrack":342,"minecraft:iron_chestplate":1,"minecraft:torch":33,"minecraft:dirt":86,"minecraft:mutton":1,"minecraft:tuff":2,"minecraft:obsidian":12,"minecraft:granite":3,"minecraft:dark_oak_planks":2,"minecraft:wooden_axe":143,"minecraft:iron_axe":141,"minecraft:iron_helmet":2,"minecraft:iron_boots":1,"minecraft:beef":1,"minecraft:furnace":8,"minecraft:cooked_beef":3,"minecraft:cobbled_deepslate":1,"minecraft:acacia_planks":2,"minecraft:iron_leggings":2,"minecraft:cooked_mutton":11,"minecraft:diorite":30,"minecraft:spruce_door":8,"minecraft:baked_potato":10,"minecraft:oak_planks":5,"minecraft:stone_pickaxe":581,"minecraft:wooden_pickaxe":93,"minecraft:diamond_axe":1265,"minecraft:fletching_table":5,"minecraft:leather_boots":2,"minecraft:mossy_cobblestone":6,"minecraft:crafting_table":36,"minecraft:blast_furnace":1,"minecraft:white_bed":4,"minecraft:black_bed":4,"minecraft:smoker":7,"minecraft:oak_log":1,"minecraft:diamond_pickaxe":988,"minecraft:bread":3,"minecraft:iron_pickaxe":889,"minecraft:spruce_trapdoor":19,"minecraft:gravel":103,"minecraft:spruce_sapling":21,"minecraft:chiseled_stone_bricks":1,"minecraft:stone_axe":227,"minecraft:diamond_sword":7,"minecraft:cobblestone":78,"travelersbackpack:standard":5,"minecraft:porkchop":3,"minecraft:cooked_porkchop":18,"minecraft:andesite":75,"minecraft:yellow_bed":1,"minecraft:oak_boat":5,"minecraft:dandelion":1,"minecraft:smooth_stone":1},"minecraft:crafted":{"minecraft:smooth_stone":3,"minecraft:oak_planks":400,"minecraft:stone_shovel":5,"minecraft:leather_boots":1,"minecraft:furnace":8,"minecraft:blast_furnace":1,"minecraft:stone":4,"minecraft:diamond_shovel":1,"minecraft:cooked_mutton":35,"minecraft:glass_pane":32,"minecraft:flint_and_steel":1,"minecraft:glass":38,"travelersbackpack:white_sleeping_bag":1,"minecraft:diamond_helmet":1,"minecraft:diamond_leggings":1,"minecraft:iron_boots":1,"minecraft:tuff_slab":12,"minecraft:iron_axe":1,"minecraft:ladder":9,"minecraft:stone_pickaxe":9,"minecraft:chest":2,"minecraft:diamond_boots":1,"minecraft:dark_oak_planks":288,"minecraft:smoker":3,"minecraft:cooked_beef":7,"minecraft:diamond_sword":1,"minecraft:emerald":377,"minecraft:cooked_porkchop":9,"minecraft:diamond_axe":1,"minecraft:crafting_table":11,"minecraft:spruce_planks":6004,"travelersbackpack:backpack_tank":2,"travelersbackpack:standard":1,"minecraft:baked_potato":10,"minecraft:wooden_pickaxe":4,"minecraft:iron_helmet":1,"minecraft:iron_sword":1,"minecraft:spruce_door":3,"minecraft:bucket":1,"minecraft:stone_axe":6,"minecraft:air":0,"minecraft:oak_boat":3,"minecraft:spruce_trapdoor":10,"minecraft:iron_chestplate":1,"minecraft:diamond_pickaxe":2,"minecraft:shield":4,"minecraft:stick":12012,"minecraft:iron_ingot":101,"minecraft:iron_pickaxe":5,"minecraft:wooden_axe":3,"minecraft:stone_sword":1,"minecraft:gold_ingot":22,"minecraft:iron_shovel":1,"minecraft:iron_leggings":2,"minecraft:black_bed":1,"minecraft:white_bed":3,"minecraft:acacia_planks":108,"minecraft:torch":168,"minecraft:diamond_chestplate":1},"minecraft:dropped":{"minecraft:water_bucket":1,"minecraft:iron_ingot":27,"minecraft:bread":1,"minecraft:wheat_seeds":7,"minecraft:iron_helmet":1,"minecraft:cobblestone":271,"minecraft:fletching_table":2,"minecraft:emerald":9,"minecraft:flint":32,"minecraft:dirt":2,"minecraft:brewing_stand":1,"minecraft:diorite":4,"minecraft:iron_pickaxe":1,"minecraft:spruce_sapling":24,"minecraft:gravel":4,"minecraft:cobbled_deepslate":256,"minecraft:tuff":106,"minecraft:iron_boots":1,"minecraft:cooked_mutton":3,"minecraft:hay_block":42,"minecraft:diamond_pickaxe":2,"minecraft:iron_chestplate":1,"minecraft:spruce_log":64,"minecraft:egg":2},"minecraft:broken":{"minecraft:stone_pickaxe":3,"minecraft:shield":1,"minecraft:iron_pickaxe":3,"minecraft:wooden_axe":4,"minecraft:stone_shovel":1},"minecraft:killed_by":{"minecraft:player":3,"minecraft:zombified_piglin":2,"minecraft:creeper":1,"minecraft:spider":1,"minecraft:enderman":1,"minecraft:skeleton":10,"minecraft:zombie":2},"minecraft:custom":{"minecraft:interact_with_anvil":5,"minecraft:mob_kills":104,"minecraft:interact_with_crafting_table":123,"minecraft:leave_game":15,"minecraft:time_since_death":24369,"minecraft:climb_one_cm":16324,"minecraft:sprint_one_cm":1127859,"minecraft:walk_one_cm":1012300,"minecraft:damage_blocked_by_shield":2053,"minecraft:drop":81,"minecraft:talked_to_villager":56,"minecraft:play_time":442189,"minecraft:sneak_time":13188,"minecraft:deaths":22,"minecraft:walk_under_water_one_cm":31188,"minecraft:boat_one_cm":697450,"minecraft:jump":5100,"minecraft:interact_with_blast_furnace":13,"minecraft:walk_on_water_one_cm":52906,"minecraft:total_world_time":442189,"minecraft:interact_with_furnace":94,"minecraft:traded_with_villager":377,"minecraft:sleep_in_bed":26,"minecraft:time_since_rest":24397,"minecraft:damage_taken":8390,"minecraft:damage_dealt":11250,"minecraft:player_kills":2,"minecraft:swim_one_cm":104796,"minecraft:fly_one_cm":873076,"minecraft:open_chest":112,"minecraft:crouch_one_cm":32250,"minecraft:interact_with_smoker":38,"minecraft:fall_one_cm":120451},"minecraft:mined":{"minecraft:dark_oak_planks":2,"minecraft:nether_gold_ore":1,"minecraft:tuff":87,"minecraft:white_bed":4,"minecraft:mossy_cobblestone":6,"minecraft:deepslate_diamond_ore":88,"minecraft:dark_oak_log":92,"minecraft:brewing_stand":1,"minecraft:obsidian":12,"minecraft:spruce_trapdoor":9,"minecraft:glow_lichen":1,"minecraft:ladder":4,"minecraft:granite":28,"minecraft:acacia_log":27,"minecraft:grass_block":24,"minecraft:spruce_leaves":4,"minecraft:chiseled_stone_bricks":1,"minecraft:smooth_stone":1,"minecraft:tall_seagrass":1,"minecraft:redstone_ore":8,"minecraft:magma_block":2,"minecraft:spruce_sapling":5,"minecraft:furnace":8,"minecraft:iron_ore":91,"minecraft:fire":9,"minecraft:andesite":95,"minecraft:fletching_table":5,"minecraft:vine":1,"minecraft:deepslate_iron_ore":14,"minecraft:stone":806,"minecraft:brown_mushroom":1,"minecraft:smoker":6,"minecraft:dandelion":1,"minecraft:spruce_door":5,"minecraft:crafting_table":32,"minecraft:torch":5,"minecraft:tuff_slab":2,"minecraft:short_grass":70,"minecraft:blast_furnace":1,"minecraft:chest":1,"minecraft:copper_ore":8,"minecraft:tall_grass":5,"minecraft:cobblestone":5,"minecraft:deepslate_gold_ore":22,"minecraft:lapis_ore":6,"minecraft:oak_planks":1,"minecraft:diorite":38,"minecraft:wall_torch":6,"minecraft:seagrass":1,"minecraft:spruce_log":1191,"minecraft:black_bed":3,"minecraft:yellow_bed":1,"minecraft:coal_ore":222,"minecraft:oak_log":115,"minecraft:gravel":132,"minecraft:sand":6,"minecraft:dirt":77,"minecraft:acacia_planks":2,"minecraft:netherrack":414,"minecraft:oak_leaves":42,"minecraft:deepslate":534}},"DataVersion":3953}