{"stats":{"minecraft:dropped":{"minecraft:oak_slab":6,"minecraft:wheat_seeds":11,"minecraft:glow_ink_sac":6,"minecraft:mossy_cobblestone":15,"minecraft:diamond":3,"minecraft:oak_fence":2,"minecraft:iron_helmet":1,"minecraft:flint":1,"minecraft:emerald":1,"minecraft:stick":2,"minecraft:dirt":1,"minecraft:gray_wool":2,"minecraft:diorite":3,"minecraft:torch":1,"minecraft:sand":7,"minecraft:lily_pad":6,"minecraft:dandelion":1,"minecraft:gravel":14,"minecraft:cobbled_deepslate":15,"minecraft:tuff":14,"minecraft:light_gray_wool":1,"minecraft:oak_planks":1,"minecraft:poppy":14,"minecraft:shield":2,"minecraft:gunpowder":1,"minecraft:oak_boat":2,"minecraft:oak_sapling":13,"minecraft:arrow":21,"minecraft:bow":1,"minecraft:stone_pickaxe":1,"minecraft:wooden_pickaxe":1,"minecraft:egg":1},"minecraft:used":{"minecraft:oak_fence":78,"minecraft:oak_trapdoor":6,"minecraft:enchanting_table":3,"minecraft:stone_shovel":131,"minecraft:poppy":1,"minecraft:chest":4,"minecraft:shield":71,"minecraft:iron_sword":241,"minecraft:cooked_salmon":10,"minecraft:bell":2,"minecraft:cooked_chicken":5,"minecraft:rotten_flesh":35,"minecraft:stone_hoe":136,"minecraft:oak_door":32,"minecraft:iron_chestplate":1,"minecraft:torch":57,"minecraft:dirt":297,"minecraft:mutton":10,"minecraft:anvil":1,"minecraft:carrot":46,"minecraft:diamond_helmet":1,"minecraft:tuff":32,"minecraft:granite":1,"minecraft:oak_fence_gate":1,"minecraft:glass":1,"minecraft:wooden_axe":16,"minecraft:iron_axe":1264,"minecraft:oak_stairs":6,"minecraft:diamond_chestplate":2,"minecraft:beef":9,"minecraft:oak_sapling":122,"minecraft:furnace":14,"minecraft:egg":12,"minecraft:potato":108,"minecraft:cooked_beef":15,"minecraft:cobbled_deepslate":220,"minecraft:pumpkin":1,"minecraft:iron_leggings":1,"minecraft:wheat_seeds":79,"minecraft:cooked_mutton":17,"minecraft:water_bucket":74,"minecraft:diorite":4,"minecraft:baked_potato":17,"minecraft:stone_pickaxe":595,"minecraft:oak_planks":103,"minecraft:sugar_cane":12,"minecraft:wooden_pickaxe":37,"minecraft:fletching_table":16,"minecraft:golden_apple":1,"minecraft:sand":6,"minecraft:oak_slab":3,"minecraft:crafting_table":14,"minecraft:white_bed":12,"minecraft:diamond_pickaxe":486,"minecraft:apple":1,"minecraft:chicken":4,"minecraft:iron_pickaxe":228,"minecraft:bread":3,"minecraft:lectern":310,"minecraft:stone_axe":471,"travelersbackpack:standard":1,"minecraft:cobblestone":471,"minecraft:bucket":75,"minecraft:yellow_bed":3,"minecraft:oak_boat":20,"minecraft:diamond_leggings":2,"minecraft:bone_meal":21},"minecraft:broken":{"minecraft:stone_pickaxe":4,"minecraft:iron_axe":4,"minecraft:stone_axe":4,"minecraft:iron_pickaxe":1,"minecraft:stone_shovel":1},"minecraft:mined":{"minecraft:tuff":45,"minecraft:white_bed":9,"minecraft:oak_sapling":4,"minecraft:mossy_cobblestone":14,"minecraft:deepslate_diamond_ore":62,"minecraft:oak_door":32,"minecraft:obsidian":12,"minecraft:granite":7,"minecraft:grass_block":78,"minecraft:oxeye_daisy":2,"minecraft:spawner":1,"minecraft:hay_block":1,"minecraft:tall_seagrass":1,"minecraft:raw_iron_block":1,"minecraft:oak_trapdoor":1,"minecraft:carrots":25,"minecraft:furnace":6,"minecraft:iron_ore":93,"minecraft:cobbled_deepslate":28,"minecraft:andesite":24,"minecraft:pumpkin":1,"minecraft:deepslate_lapis_ore":6,"minecraft:fletching_table":13,"minecraft:enchanting_table":3,"minecraft:bell":1,"minecraft:bookshelf":4,"minecraft:potatoes":70,"minecraft:dirt_path":9,"minecraft:vine":11,"minecraft:deepslate_iron_ore":45,"minecraft:oak_stairs":16,"minecraft:stripped_oak_log":116,"minecraft:stone":344,"minecraft:blue_orchid":2,"minecraft:oak_slab":1,"minecraft:brown_mushroom":10,"minecraft:glass_pane":3,"minecraft:dandelion":7,"minecraft:oak_fence":31,"minecraft:cornflower":2,"travelersbackpack:standard":1,"minecraft:crafting_table":9,"minecraft:short_grass":193,"minecraft:poppy":2,"minecraft:glass":1,"minecraft:lectern":308,"minecraft:tall_grass":5,"minecraft:cobblestone":224,"minecraft:deepslate_gold_ore":15,"minecraft:oak_planks":187,"minecraft:lily_pad":10,"minecraft:sugar_cane":20,"minecraft:diorite":20,"minecraft:wall_torch":4,"minecraft:seagrass":3,"minecraft:wheat":51,"minecraft:yellow_bed":4,"minecraft:coal_ore":119,"minecraft:oak_log":778,"minecraft:oak_fence_gate":4,"minecraft:gravel":18,"minecraft:dirt":208,"minecraft:sand":40,"minecraft:gold_ore":4,"minecraft:oak_leaves":44,"minecraft:deepslate":237},"minecraft:picked_up":{"minecraft:wooden_axe":9,"minecraft:iron_chestplate":6,"minecraft:crafting_table":23,"minecraft:wheat":73,"minecraft:chicken":18,"minecraft:brown_mushroom":18,"minecraft:wooden_pickaxe":13,"minecraft:pink_wool":3,"minecraft:oak_stairs":9,"minecraft:shield":11,"minecraft:cornflower":2,"minecraft:oak_trapdoor":1,"minecraft:string":45,"minecraft:iron_axe":2,"minecraft:iron_leggings":3,"minecraft:blue_orchid":7,"minecraft:cobbled_deepslate":436,"minecraft:beef":59,"minecraft:oak_boat":18,"minecraft:poppy":23,"minecraft:iron_pickaxe":4,"minecraft:light_gray_wool":7,"minecraft:lectern":308,"minecraft:sugar_cane":59,"minecraft:furnace":10,"minecraft:iron_boots":6,"minecraft:egg":16,"minecraft:raw_iron":226,"minecraft:stick":367,"minecraft:oak_door":52,"minecraft:copper_ingot":3,"minecraft:oak_fence":30,"minecraft:torch":77,"minecraft:porkchop":7,"minecraft:diorite":10,"minecraft:carrot":80,"minecraft:redstone":2,"minecraft:arrow":51,"minecraft:rotten_flesh":71,"minecraft:hay_block":1,"minecraft:gold_ingot":2,"minecraft:mutton":96,"minecraft:obsidian":33,"minecraft:oxeye_daisy":3,"minecraft:white_wool":85,"minecraft:cobblestone":1043,"minecraft:stripped_oak_log":116,"minecraft:enchanting_table":3,"minecraft:feather":58,"minecraft:cooked_beef":9,"minecraft:glow_ink_sac":30,"minecraft:water_bucket":1,"minecraft:salmon":12,"minecraft:leather":50,"minecraft:brown_wool":1,"minecraft:potato":220,"minecraft:flint":4,"minecraft:tuff":90,"minecraft:oak_log":810,"minecraft:lily_pad":20,"minecraft:yellow_bed":4,"minecraft:gunpowder":6,"minecraft:lapis_lazuli":77,"minecraft:dirt":387,"minecraft:cooked_mutton":24,"minecraft:leather_boots":1,"minecraft:bone":45,"minecraft:apple":66,"minecraft:bow":1,"minecraft:wheat_seeds":154,"minecraft:raw_gold":52,"minecraft:bell":3,"minecraft:iron_ingot":42,"minecraft:oak_fence_gate":4,"minecraft:stone_pickaxe":4,"minecraft:fletching_table":13,"minecraft:oak_planks":958,"minecraft:iron_sword":6,"minecraft:book":12,"minecraft:oak_slab":1,"minecraft:pumpkin":1,"minecraft:dandelion":8,"minecraft:raw_iron_block":1,"minecraft:gravel":27,"minecraft:sand":42,"minecraft:white_bed":12,"minecraft:mossy_cobblestone":15,"travelersbackpack:standard":1,"minecraft:slime_ball":13,"minecraft:stone_axe":10,"minecraft:diamond":140,"minecraft:iron_helmet":7,"minecraft:granite":1,"minecraft:golden_apple":2,"minecraft:gray_wool":4,"minecraft:emerald":13,"minecraft:oak_sapling":395,"minecraft:coal":400,"minecraft:diamond_pickaxe":1},"minecraft:killed_by":{"minecraft:drowned":12,"minecraft:skeleton":6,"minecraft:zombie":2},"minecraft:killed":{"minecraft:spider":7,"minecraft:slime":19,"minecraft:horse":2,"minecraft:skeleton":9,"minecraft:chicken":10,"minecraft:drowned":4,"minecraft:salmon":12,"minecraft:iron_golem":6,"minecraft:bat":2,"minecraft:frog":1,"minecraft:creeper":1,"minecraft:sheep":14,"minecraft:zombie":39,"minecraft:villager":3,"minecraft:cow":10},"minecraft:crafted":{"minecraft:oak_door":3,"minecraft:oak_planks":3416,"minecraft:raw_iron":9,"minecraft:stone_shovel":1,"minecraft:cooked_chicken":5,"minecraft:furnace":10,"minecraft:bone_meal":21,"minecraft:bookshelf":2,"minecraft:oak_trapdoor":6,"minecraft:glass":28,"minecraft:diamond_helmet":1,"minecraft:diamond_leggings":1,"minecraft:iron_boots":1,"minecraft:iron_axe":6,"travelersbackpack:light_gray_sleeping_bag":1,"minecraft:stone_pickaxe":4,"minecraft:chest":5,"minecraft:diamond_boots":1,"minecraft:stone_hoe":1,"minecraft:oak_fence":54,"minecraft:wheat":9,"minecraft:cooked_beef":9,"minecraft:oak_slab":18,"minecraft:emerald":215,"minecraft:crafting_table":4,"minecraft:enchanting_table":1,"travelersbackpack:backpack_tank":4,"travelersbackpack:standard":1,"minecraft:baked_potato":111,"minecraft:wooden_pickaxe":1,"minecraft:iron_helmet":1,"minecraft:iron_sword":1,"minecraft:cooked_salmon":10,"minecraft:fletching_table":3,"minecraft:bucket":1,"minecraft:stone_axe":3,"minecraft:enchanted_book":7,"minecraft:air":0,"minecraft:oak_boat":5,"minecraft:book":3,"minecraft:lectern":2,"minecraft:iron_chestplate":1,"minecraft:white_wool":4,"minecraft:paper":45,"minecraft:golden_apple":2,"minecraft:diamond_pickaxe":1,"minecraft:shield":1,"minecraft:stick":6655,"minecraft:iron_ingot":91,"minecraft:iron_pickaxe":4,"minecraft:wooden_axe":1,"minecraft:iron_block":3,"minecraft:gold_ingot":17,"minecraft:iron_leggings":2,"minecraft:anvil":1,"minecraft:white_bed":3,"minecraft:torch":60,"minecraft:shears":1,"minecraft:diamond_chestplate":1},"minecraft:custom":{"minecraft:interact_with_smithing_table":1,"minecraft:animals_bred":20,"minecraft:interact_with_anvil":11,"minecraft:mob_kills":143,"minecraft:interact_with_crafting_table":110,"minecraft:bell_ring":3,"minecraft:leave_game":6,"minecraft:time_since_death":425692,"minecraft:climb_one_cm":4296,"minecraft:sprint_one_cm":1172279,"minecraft:damage_blocked_by_shield":3191,"minecraft:walk_one_cm":1360376,"minecraft:drop":85,"minecraft:talked_to_villager":607,"minecraft:play_time":580507,"minecraft:sneak_time":24128,"minecraft:deaths":21,"minecraft:walk_under_water_one_cm":113368,"minecraft:boat_one_cm":149981,"minecraft:interact_with_brewingstand":1,"minecraft:jump":6908,"minecraft:interact_with_blast_furnace":1,"minecraft:walk_on_water_one_cm":153491,"minecraft:enchant_item":4,"minecraft:total_world_time":580507,"minecraft:interact_with_furnace":164,"minecraft:traded_with_villager":222,"minecraft:sleep_in_bed":29,"minecraft:time_since_rest":13242,"minecraft:damage_taken":10195,"minecraft:damage_absorbed":40,"minecraft:damage_dealt":22848,"minecraft:swim_one_cm":259324,"minecraft:player_kills":3,"minecraft:fly_one_cm":1105152,"minecraft:open_chest":128,"minecraft:crouch_one_cm":51450,"minecraft:fall_one_cm":171451}},"DataVersion":3953}