{"stats":{"minecraft:picked_up":{"minecraft:wooden_axe":9,"minecraft:iron_chestplate":6,"minecraft:wheat":175,"minecraft:nether_brick_fence":1,"minecraft:smithing_table":1,"minecraft:lead":2,"minecraft:oak_stairs":76,"minecraft:potion":2,"minecraft:nether_brick":13,"minecraft:brewing_stand":1,"minecraft:golden_sword":1,"minecraft:string":67,"minecraft:iron_leggings":3,"minecraft:shroomlight":8,"minecraft:diamond_leggings":1,"minecraft:gold_nugget":421,"minecraft:cobbled_deepslate":440,"minecraft:netherite_upgrade_smithing_template":1,"minecraft:iron_pickaxe":4,"minecraft:furnace":10,"minecraft:iron_boots":6,"minecraft:stick":845,"minecraft:oak_fence":45,"minecraft:torch":83,"minecraft:porkchop":11,"minecraft:diorite":10,"minecraft:stone_sword":1,"minecraft:rotten_flesh":106,"minecraft:carved_pumpkin":1,"minecraft:white_terracotta":31,"minecraft:blaze_rod":11,"minecraft:obsidian":39,"minecraft:cobblestone":1169,"minecraft:enchanting_table":4,"minecraft:magma_block":6,"minecraft:feather":58,"minecraft:cooked_beef":9,"minecraft:magma_cream":6,"minecraft:water_bucket":1,"minecraft:brown_wool":1,"minecraft:potato":404,"minecraft:flint":4,"minecraft:tuff":90,"minecraft:lapis_lazuli":202,"minecraft:dirt":834,"minecraft:leather_boots":1,"minecraft:bone":66,"minecraft:bow":3,"minecraft:wheat_seeds":445,"minecraft:raw_gold":73,"minecraft:bell":3,"minecraft:fletching_table":13,"minecraft:glowstone_dust":39,"minecraft:oak_planks":1107,"minecraft:warped_wart_block":169,"minecraft:poisonous_potato":2,"minecraft:sand":45,"minecraft:ink_sac":2,"minecraft:spectral_arrow":6,"minecraft:mossy_cobblestone":20,"minecraft:diamond":147,"minecraft:crossbow":1,"minecraft:granite":5,"minecraft:golden_apple":2,"minecraft:emerald":13,"minecraft:oak_sapling":1111,"minecraft:netherrack":2129,"minecraft:diamond_pickaxe":1,"minecraft:crafting_table":23,"minecraft:chicken":18,"minecraft:nether_wart":19,"minecraft:brown_mushroom":21,"minecraft:wooden_pickaxe":13,"minecraft:pink_wool":32,"minecraft:gold_block":20,"minecraft:shield":11,"minecraft:cornflower":3,"minecraft:oak_trapdoor":1,"minecraft:iron_axe":2,"minecraft:netherite_scrap":1,"minecraft:blackstone":71,"minecraft:blue_orchid":7,"minecraft:beef":133,"minecraft:oak_boat":21,"minecraft:poppy":25,"minecraft:light_gray_wool":30,"minecraft:lectern":308,"minecraft:sugar_cane":127,"minecraft:chest":5,"minecraft:phantom_membrane":6,"minecraft:egg":23,"minecraft:raw_iron":381,"minecraft:oak_door":62,"minecraft:copper_ingot":3,"minecraft:fire_charge":1,"minecraft:polished_blackstone_bricks":2,"minecraft:carrot":251,"minecraft:redstone":38,"minecraft:arrow":68,"minecraft:nether_bricks":14,"minecraft:hay_block":1,"minecraft:gold_ingot":25,"minecraft:mutton":96,"minecraft:bone_block":24,"minecraft:white_wool":121,"minecraft:oxeye_daisy":3,"minecraft:stripped_oak_log":128,"minecraft:basalt":131,"minecraft:glow_ink_sac":30,"minecraft:salmon":12,"minecraft:leather":103,"minecraft:oak_log":2046,"minecraft:lily_pad":43,"minecraft:ancient_debris":1,"minecraft:yellow_bed":5,"minecraft:nether_wart_block":3,"minecraft:gunpowder":11,"minecraft:cobblestone_stairs":1,"minecraft:cooked_mutton":24,"minecraft:apple":149,"minecraft:warped_stem":25,"minecraft:iron_ingot":47,"minecraft:oak_fence_gate":4,"minecraft:stone_pickaxe":4,"minecraft:iron_sword":6,"minecraft:soul_sand":24,"minecraft:book":12,"minecraft:oak_slab":1,"minecraft:warped_fungus":1,"minecraft:pumpkin":14,"minecraft:quartz":244,"minecraft:dandelion":9,"minecraft:raw_iron_block":1,"minecraft:gravel":27,"minecraft:lava_bucket":1,"minecraft:white_bed":13,"minecraft:crying_obsidian":6,"minecraft:spider_eye":2,"travelersbackpack:standard":2,"minecraft:pumpkin_seeds":4,"minecraft:slime_ball":30,"minecraft:stone_axe":10,"minecraft:short_grass":1,"minecraft:iron_helmet":7,"minecraft:gray_wool":4,"minecraft:warped_roots":7,"minecraft:lodestone":1,"minecraft:baked_potato":1,"minecraft:warped_nylium":4,"minecraft:coal":428,"minecraft:ender_pearl":9},"minecraft:killed":{"minecraft:spider":12,"minecraft:skeleton":24,"minecraft:chicken":10,"minecraft:piglin_brute":3,"minecraft:magma_cube":51,"minecraft:piglin":1,"minecraft:zombie_villager":1,"minecraft:salmon":12,"minecraft:iron_golem":7,"minecraft:creeper":5,"minecraft:sheep":14,"minecraft:trader_llama":3,"minecraft:zombie":74,"minecraft:blaze":20,"minecraft:cow":47,"minecraft:bogged":2,"minecraft:slime":57,"minecraft:phantom":7,"minecraft:horse":2,"minecraft:drowned":4,"minecraft:bat":3,"minecraft:wandering_trader":1,"minecraft:frog":1,"minecraft:hoglin":1,"minecraft:wither_skeleton":15,"minecraft:villager":3,"minecraft:enderman":12},"minecraft:used":{"minecraft:iron_shovel":290,"minecraft:poppy":1,"minecraft:chest":10,"minecraft:shield":159,"minecraft:iron_sword":523,"minecraft:nether_wart":17,"minecraft:bell":2,"minecraft:rotten_flesh":35,"minecraft:iron_chestplate":1,"minecraft:soul_sand":9,"minecraft:mutton":10,"minecraft:carrot":95,"minecraft:tuff":32,"minecraft:obsidian":10,"minecraft:glass":1,"minecraft:lava_bucket":5,"minecraft:bow":4,"minecraft:oak_sapling":467,"minecraft:furnace":14,"minecraft:egg":19,"minecraft:potato":158,"minecraft:diorite":4,"minecraft:diamond_boots":1,"minecraft:stone_pickaxe":595,"minecraft:oak_planks":108,"minecraft:blackstone":30,"minecraft:ender_pearl":1,"minecraft:wooden_pickaxe":37,"minecraft:sugar_cane":12,"minecraft:golden_apple":1,"minecraft:sand":6,"minecraft:shears":2,"minecraft:bread":3,"minecraft:lectern":310,"travelersbackpack:pumpkin":1,"minecraft:golden_helmet":3,"minecraft:nether_wart_block":3,"minecraft:diamond_sword":191,"travelersbackpack:magma_cube":1,"minecraft:smithing_table":1,"minecraft:oak_boat":23,"minecraft:bone_meal":84,"minecraft:golden_pickaxe":32,"minecraft:oak_fence":78,"minecraft:oak_trapdoor":7,"minecraft:enchanting_table":4,"minecraft:flint_and_steel":1,"minecraft:stone_shovel":131,"minecraft:cooked_salmon":10,"minecraft:cooked_chicken":5,"minecraft:stone_hoe":149,"minecraft:netherrack":2110,"minecraft:oak_door":40,"minecraft:torch":114,"minecraft:brewing_stand":1,"minecraft:dirt":734,"minecraft:warped_wart_block":128,"minecraft:anvil":2,"minecraft:diamond_helmet":2,"minecraft:granite":5,"minecraft:oak_fence_gate":1,"minecraft:wooden_axe":16,"minecraft:iron_axe":3307,"minecraft:oak_stairs":6,"minecraft:diamond_chestplate":2,"minecraft:basalt":72,"minecraft:beef":9,"minecraft:cooked_beef":27,"minecraft:cobbled_deepslate":221,"minecraft:pumpkin":2,"minecraft:iron_leggings":1,"minecraft:wheat_seeds":199,"minecraft:cooked_mutton":17,"minecraft:water_bucket":88,"minecraft:glass_bottle":5,"minecraft:baked_potato":135,"minecraft:fletching_table":16,"minecraft:mossy_cobblestone":1,"minecraft:oak_slab":3,"minecraft:crafting_table":15,"minecraft:white_bed":13,"minecraft:diamond_pickaxe":1854,"minecraft:apple":1,"minecraft:warped_trapdoor":2,"minecraft:chicken":4,"minecraft:iron_pickaxe":1977,"minecraft:stone_axe":599,"minecraft:cobblestone":519,"minecraft:potion":2,"travelersbackpack:standard":9,"minecraft:bucket":96,"minecraft:yellow_bed":5,"minecraft:diamond_leggings":2,"minecraft:splash_potion":2},"minecraft:crafted":{"minecraft:oak_planks":7348,"travelersbackpack:crafting_upgrade":1,"minecraft:blaze_powder":10,"minecraft:cooked_chicken":5,"minecraft:bookshelf":2,"minecraft:warped_planks":39,"minecraft:quartz_block":30,"minecraft:glass":28,"minecraft:diamond_helmet":1,"minecraft:diamond_leggings":1,"minecraft:iron_boots":1,"minecraft:chest":7,"minecraft:netherite_upgrade_smithing_template":8,"minecraft:stone_hoe":1,"minecraft:oak_fence":54,"minecraft:glass_bottle":3,"minecraft:oak_slab":18,"travelersbackpack:iron_tier_upgrade":1,"minecraft:emerald":476,"minecraft:crafting_table":7,"travelersbackpack:standard":6,"minecraft:baked_potato":175,"minecraft:wooden_pickaxe":1,"minecraft:iron_helmet":1,"minecraft:golden_pickaxe":1,"minecraft:fletching_table":3,"minecraft:lectern":2,"minecraft:iron_chestplate":1,"minecraft:book":9,"minecraft:paper":45,"minecraft:diamond_pickaxe":1,"minecraft:shield":2,"minecraft:stick":14564,"minecraft:iron_ingot":265,"minecraft:iron_pickaxe":9,"minecraft:iron_block":13,"minecraft:gold_ingot":115,"minecraft:shears":2,"minecraft:oak_door":3,"minecraft:raw_iron":9,"minecraft:stone_shovel":1,"minecraft:furnace":10,"minecraft:bone_meal":84,"travelersbackpack:blank_upgrade":4,"travelersbackpack:gold_tier_upgrade":1,"minecraft:warped_trapdoor":2,"minecraft:oak_trapdoor":6,"minecraft:flint_and_steel":1,"travelersbackpack:magma_cube":1,"minecraft:iron_axe":13,"travelersbackpack:light_gray_sleeping_bag":1,"minecraft:stone_pickaxe":4,"minecraft:diamond_boots":1,"minecraft:netherite_scrap":1,"minecraft:golden_helmet":3,"travelersbackpack:diamond_tier_upgrade":1,"minecraft:wheat":9,"minecraft:cooked_beef":28,"minecraft:sugar":2,"minecraft:diamond_sword":1,"minecraft:enchanting_table":1,"travelersbackpack:backpack_tank":4,"minecraft:iron_sword":2,"minecraft:cooked_salmon":10,"minecraft:bucket":3,"minecraft:stone_axe":4,"minecraft:enchanted_book":12,"minecraft:air":170,"travelersbackpack:pumpkin":1,"minecraft:oak_boat":6,"minecraft:white_wool":4,"minecraft:golden_apple":9,"minecraft:fermented_spider_eye":2,"minecraft:wooden_axe":1,"minecraft:iron_shovel":2,"minecraft:iron_leggings":2,"minecraft:anvil":2,"minecraft:white_bed":3,"minecraft:torch":112,"minecraft:lapis_block":19,"minecraft:diamond_chestplate":1},"minecraft:dropped":{"minecraft:iron_sword":1,"minecraft:soul_sand":1,"minecraft:short_grass":1,"minecraft:baked_potato":1,"minecraft:glow_ink_sac":6,"minecraft:diamond":3,"minecraft:flint":1,"minecraft:emerald":1,"minecraft:dirt":1,"minecraft:sand":7,"minecraft:gold_ingot":39,"minecraft:gravel":14,"minecraft:cobbled_deepslate":15,"minecraft:oak_planks":1,"minecraft:nether_brick_fence":1,"minecraft:poppy":14,"minecraft:gunpowder":1,"minecraft:arrow":21,"minecraft:netherrack":5,"minecraft:egg":1,"minecraft:oak_slab":6,"minecraft:wheat_seeds":17,"minecraft:mossy_cobblestone":15,"minecraft:poisonous_potato":2,"minecraft:oak_fence":2,"minecraft:iron_helmet":1,"minecraft:stick":2,"minecraft:lava_bucket":1,"minecraft:gray_wool":2,"minecraft:diorite":3,"minecraft:torch":1,"minecraft:lily_pad":12,"minecraft:dandelion":1,"minecraft:stone_sword":1,"minecraft:blaze_rod":1,"minecraft:tuff":14,"minecraft:light_gray_wool":1,"minecraft:shield":2,"minecraft:oak_sapling":14,"minecraft:oak_boat":2,"minecraft:bow":1,"minecraft:stone_pickaxe":1,"minecraft:wooden_pickaxe":1},"minecraft:broken":{"minecraft:golden_helmet":2,"minecraft:iron_shovel":1,"minecraft:stone_pickaxe":4,"minecraft:stone_axe":5,"minecraft:iron_sword":1,"minecraft:stone_shovel":1,"minecraft:shield":2,"minecraft:iron_axe":13,"minecraft:iron_pickaxe":8,"minecraft:golden_pickaxe":1},"minecraft:killed_by":{"minecraft:drowned":12,"minecraft:zombie":2,"minecraft:skeleton":6},"minecraft:custom":{"minecraft:animals_bred":61,"minecraft:interact_with_crafting_table":138,"minecraft:bell_ring":3,"minecraft:leave_game":15,"minecraft:time_since_death":949834,"minecraft:sprint_one_cm":2169382,"minecraft:damage_blocked_by_shield":7089,"minecraft:drop":144,"minecraft:talked_to_villager":654,"minecraft:play_time":1104649,"minecraft:deaths":21,"minecraft:jump":13838,"minecraft:interact_with_brewingstand":9,"minecraft:walk_on_water_one_cm":233951,"minecraft:enchant_item":4,"minecraft:interact_with_furnace":264,"minecraft:traded_with_villager":488,"minecraft:sleep_in_bed":33,"minecraft:damage_dealt":58313,"minecraft:player_kills":3,"minecraft:crouch_one_cm":233510,"minecraft:interact_with_smithing_table":16,"minecraft:interact_with_anvil":20,"minecraft:mob_kills":397,"minecraft:climb_one_cm":6475,"minecraft:walk_one_cm":2556639,"minecraft:sneak_time":82530,"minecraft:walk_under_water_one_cm":159880,"minecraft:boat_one_cm":216697,"minecraft:interact_with_blast_furnace":1,"minecraft:total_world_time":1104649,"minecraft:time_since_rest":8212,"minecraft:damage_taken":15097,"minecraft:damage_absorbed":40,"minecraft:swim_one_cm":296173,"minecraft:fly_one_cm":2003448,"minecraft:open_chest":315,"minecraft:fall_one_cm":321420},"minecraft:mined":{"minecraft:white_bed":10,"minecraft:oak_sapling":20,"minecraft:cobblestone_stairs":1,"minecraft:brewing_stand":1,"minecraft:obsidian":15,"minecraft:carved_pumpkin":1,"minecraft:granite":7,"minecraft:grass_block":218,"minecraft:cracked_polished_blackstone_bricks":1,"minecraft:oxeye_daisy":2,"minecraft:nether_wart":11,"minecraft:gilded_blackstone":2,"minecraft:spawner":3,"minecraft:polished_blackstone_bricks":2,"minecraft:tall_seagrass":2,"minecraft:raw_iron_block":1,"minecraft:magma_block":32,"minecraft:glowstone":13,"minecraft:iron_ore":142,"minecraft:cobbled_deepslate":30,"minecraft:fire":62,"minecraft:pumpkin":14,"minecraft:deepslate_lapis_ore":9,"minecraft:fletching_table":13,"minecraft:enchanting_table":4,"minecraft:dirt_path":38,"minecraft:oak_stairs":85,"minecraft:blue_orchid":2,"minecraft:deepslate_redstone_ore":4,"minecraft:brown_mushroom":13,"minecraft:blackstone":71,"minecraft:crimson_nylium":2,"minecraft:torch":1,"minecraft:poppy":2,"minecraft:chest":5,"minecraft:dead_bush":1,"minecraft:glass":1,"minecraft:nether_quartz_ore":109,"minecraft:cobblestone":314,"minecraft:oak_planks":309,"minecraft:sugar_cane":52,"minecraft:wall_torch":4,"minecraft:seagrass":4,"minecraft:white_terracotta":31,"minecraft:nether_wart_block":3,"minecraft:wheat":160,"minecraft:oak_log":2021,"minecraft:oak_fence_gate":4,"minecraft:sand":43,"minecraft:dirt":488,"minecraft:netherrack":2378,"minecraft:ancient_debris":1,"minecraft:oak_leaves":95,"minecraft:deepslate":239,"minecraft:nether_gold_ore":45,"minecraft:tuff":45,"minecraft:mossy_cobblestone":19,"minecraft:deepslate_diamond_ore":64,"minecraft:oak_door":41,"minecraft:nether_bricks":17,"minecraft:hay_block":1,"minecraft:redstone_ore":2,"minecraft:oak_trapdoor":1,"minecraft:furnace":6,"minecraft:carrots":72,"minecraft:andesite":24,"minecraft:gold_block":9,"minecraft:bell":1,"minecraft:nether_brick_fence":2,"minecraft:bookshelf":4,"minecraft:potatoes":120,"minecraft:shroomlight":8,"minecraft:deepslate_iron_ore":69,"minecraft:vine":17,"minecraft:warped_stem":25,"minecraft:stripped_oak_log":128,"minecraft:stone":388,"minecraft:bone_block":24,"minecraft:smithing_table":1,"minecraft:oak_slab":1,"minecraft:glass_pane":11,"minecraft:soul_sand":17,"minecraft:basalt":139,"minecraft:dandelion":8,"travelersbackpack:standard":2,"minecraft:oak_fence":46,"minecraft:crafting_table":9,"minecraft:cornflower":3,"minecraft:short_grass":261,"minecraft:warped_roots":1,"minecraft:lectern":308,"minecraft:tall_grass":7,"minecraft:lapis_ore":8,"minecraft:deepslate_gold_ore":17,"minecraft:lily_pad":15,"minecraft:diorite":20,"minecraft:warped_wart_block":183,"minecraft:yellow_bed":5,"minecraft:coal_ore":128,"minecraft:gravel":18,"minecraft:polished_blackstone":1,"minecraft:gold_ore":12}},"DataVersion":3953}