{"stats":{"minecraft:custom":{"minecraft:animals_bred":41,"minecraft:interact_with_crafting_table":130,"minecraft:bell_ring":3,"minecraft:leave_game":10,"minecraft:time_since_death":747732,"minecraft:sprint_one_cm":1791599,"minecraft:damage_blocked_by_shield":6219,"minecraft:drop":127,"minecraft:talked_to_villager":627,"minecraft:play_time":902547,"minecraft:deaths":21,"minecraft:jump":11255,"minecraft:interact_with_brewingstand":1,"minecraft:walk_on_water_one_cm":205315,"minecraft:enchant_item":4,"minecraft:interact_with_furnace":229,"minecraft:traded_with_villager":349,"minecraft:sleep_in_bed":31,"minecraft:damage_dealt":45072,"minecraft:player_kills":3,"minecraft:crouch_one_cm":173106,"minecraft:interact_with_smithing_table":16,"minecraft:interact_with_anvil":18,"minecraft:mob_kills":288,"minecraft:climb_one_cm":4499,"minecraft:walk_one_cm":1993264,"minecraft:sneak_time":64782,"minecraft:walk_under_water_one_cm":158032,"minecraft:boat_one_cm":149981,"minecraft:interact_with_blast_furnace":1,"minecraft:total_world_time":902547,"minecraft:time_since_rest":272098,"minecraft:damage_taken":13123,"minecraft:damage_absorbed":40,"minecraft:swim_one_cm":288481,"minecraft:fly_one_cm":1635392,"minecraft:open_chest":220,"minecraft:fall_one_cm":270788},"minecraft:killed_by":{"minecraft:drowned":12,"minecraft:zombie":2,"minecraft:skeleton":6},"minecraft:dropped":{"minecraft:iron_sword":1,"minecraft:glow_ink_sac":6,"minecraft:diamond":3,"minecraft:flint":1,"minecraft:emerald":1,"minecraft:dirt":1,"minecraft:sand":7,"minecraft:gold_ingot":39,"minecraft:gravel":14,"minecraft:cobbled_deepslate":15,"minecraft:oak_planks":1,"minecraft:poppy":14,"minecraft:gunpowder":1,"minecraft:arrow":21,"minecraft:egg":1,"minecraft:oak_slab":6,"minecraft:wheat_seeds":11,"minecraft:mossy_cobblestone":15,"minecraft:poisonous_potato":2,"minecraft:oak_fence":2,"minecraft:iron_helmet":1,"minecraft:stick":2,"minecraft:lava_bucket":1,"minecraft:gray_wool":2,"minecraft:diorite":3,"minecraft:torch":1,"minecraft:lily_pad":6,"minecraft:dandelion":1,"minecraft:tuff":14,"minecraft:light_gray_wool":1,"minecraft:shield":2,"minecraft:oak_boat":2,"minecraft:oak_sapling":13,"minecraft:bow":1,"minecraft:stone_pickaxe":1,"minecraft:wooden_pickaxe":1},"minecraft:crafted":{"minecraft:oak_planks":5216,"travelersbackpack:crafting_upgrade":1,"minecraft:cooked_chicken":5,"minecraft:bookshelf":2,"minecraft:warped_planks":27,"minecraft:quartz_block":30,"minecraft:glass":28,"minecraft:diamond_helmet":1,"minecraft:diamond_leggings":1,"minecraft:iron_boots":1,"minecraft:chest":6,"minecraft:netherite_upgrade_smithing_template":8,"minecraft:stone_hoe":1,"minecraft:oak_fence":54,"minecraft:oak_slab":18,"travelersbackpack:iron_tier_upgrade":1,"minecraft:emerald":337,"minecraft:crafting_table":6,"travelersbackpack:standard":6,"minecraft:baked_potato":111,"minecraft:wooden_pickaxe":1,"minecraft:iron_helmet":1,"minecraft:golden_pickaxe":1,"minecraft:fletching_table":3,"minecraft:lectern":2,"minecraft:iron_chestplate":1,"minecraft:book":9,"minecraft:paper":45,"minecraft:diamond_pickaxe":1,"minecraft:shield":2,"minecraft:stick":10283,"minecraft:iron_ingot":243,"minecraft:iron_pickaxe":8,"minecraft:iron_block":13,"minecraft:gold_ingot":84,"minecraft:shears":2,"minecraft:oak_door":3,"minecraft:raw_iron":9,"minecraft:stone_shovel":1,"minecraft:furnace":10,"minecraft:bone_meal":21,"travelersbackpack:blank_upgrade":4,"travelersbackpack:gold_tier_upgrade":1,"minecraft:oak_trapdoor":6,"minecraft:flint_and_steel":1,"travelersbackpack:magma_cube":1,"minecraft:iron_axe":9,"travelersbackpack:light_gray_sleeping_bag":1,"minecraft:stone_pickaxe":4,"minecraft:diamond_boots":1,"minecraft:golden_helmet":2,"travelersbackpack:diamond_tier_upgrade":1,"minecraft:wheat":9,"minecraft:cooked_beef":28,"minecraft:diamond_sword":1,"minecraft:enchanting_table":1,"travelersbackpack:backpack_tank":4,"minecraft:iron_sword":2,"minecraft:cooked_salmon":10,"minecraft:bucket":3,"minecraft:stone_axe":4,"minecraft:enchanted_book":12,"minecraft:air":126,"travelersbackpack:pumpkin":1,"minecraft:oak_boat":5,"minecraft:white_wool":4,"minecraft:golden_apple":2,"minecraft:wooden_axe":1,"minecraft:iron_shovel":1,"minecraft:iron_leggings":2,"minecraft:anvil":2,"minecraft:white_bed":3,"minecraft:torch":112,"minecraft:lapis_block":19,"minecraft:diamond_chestplate":1},"minecraft:broken":{"minecraft:golden_helmet":1,"minecraft:iron_shovel":1,"minecraft:stone_pickaxe":4,"minecraft:stone_axe":5,"minecraft:iron_sword":1,"minecraft:stone_shovel":1,"minecraft:shield":1,"minecraft:iron_axe":8,"minecraft:iron_pickaxe":7,"minecraft:golden_pickaxe":1},"minecraft:used":{"minecraft:iron_shovel":255,"minecraft:poppy":1,"minecraft:chest":7,"minecraft:shield":145,"minecraft:iron_sword":523,"minecraft:bell":2,"minecraft:rotten_flesh":35,"minecraft:iron_chestplate":1,"minecraft:mutton":10,"minecraft:carrot":66,"minecraft:tuff":32,"minecraft:obsidian":10,"minecraft:glass":1,"minecraft:lava_bucket":5,"minecraft:bow":4,"minecraft:oak_sapling":272,"minecraft:furnace":14,"minecraft:egg":18,"minecraft:potato":144,"minecraft:diorite":4,"minecraft:diamond_boots":1,"minecraft:stone_pickaxe":595,"minecraft:oak_planks":107,"minecraft:blackstone":30,"minecraft:wooden_pickaxe":37,"minecraft:sugar_cane":12,"minecraft:golden_apple":1,"minecraft:sand":6,"minecraft:shears":1,"minecraft:bread":3,"minecraft:lectern":310,"travelersbackpack:pumpkin":1,"minecraft:golden_helmet":2,"minecraft:nether_wart_block":3,"minecraft:diamond_sword":7,"travelersbackpack:magma_cube":1,"minecraft:smithing_table":1,"minecraft:oak_boat":20,"minecraft:bone_meal":21,"minecraft:golden_pickaxe":32,"minecraft:oak_fence":78,"minecraft:oak_trapdoor":6,"minecraft:enchanting_table":3,"minecraft:flint_and_steel":1,"minecraft:stone_shovel":131,"minecraft:cooked_salmon":10,"minecraft:cooked_chicken":5,"minecraft:stone_hoe":139,"minecraft:netherrack":1134,"minecraft:oak_door":40,"minecraft:torch":109,"minecraft:dirt":612,"minecraft:warped_wart_block":128,"minecraft:anvil":2,"minecraft:diamond_helmet":2,"minecraft:granite":5,"minecraft:oak_fence_gate":1,"minecraft:wooden_axe":16,"minecraft:iron_axe":2086,"minecraft:oak_stairs":6,"minecraft:diamond_chestplate":2,"minecraft:beef":9,"minecraft:cooked_beef":15,"minecraft:cobbled_deepslate":220,"minecraft:pumpkin":2,"minecraft:iron_leggings":1,"minecraft:wheat_seeds":123,"minecraft:cooked_mutton":17,"minecraft:water_bucket":88,"minecraft:baked_potato":101,"minecraft:fletching_table":16,"minecraft:oak_slab":3,"minecraft:crafting_table":15,"minecraft:white_bed":12,"minecraft:diamond_pickaxe":1454,"minecraft:apple":1,"minecraft:chicken":4,"minecraft:iron_pickaxe":1783,"minecraft:stone_axe":599,"minecraft:cobblestone":512,"minecraft:potion":2,"travelersbackpack:standard":9,"minecraft:bucket":96,"minecraft:yellow_bed":5,"minecraft:diamond_leggings":2},"minecraft:picked_up":{"minecraft:wooden_axe":9,"minecraft:iron_chestplate":6,"minecraft:wheat":112,"minecraft:nether_brick_fence":1,"minecraft:smithing_table":1,"minecraft:oak_stairs":9,"minecraft:potion":2,"minecraft:nether_brick":13,"minecraft:golden_sword":1,"minecraft:string":65,"minecraft:iron_leggings":3,"minecraft:shroomlight":8,"minecraft:diamond_leggings":1,"minecraft:gold_nugget":421,"minecraft:cobbled_deepslate":438,"minecraft:netherite_upgrade_smithing_template":1,"minecraft:iron_pickaxe":4,"minecraft:furnace":10,"minecraft:iron_boots":6,"minecraft:stick":553,"minecraft:oak_fence":30,"minecraft:torch":77,"minecraft:porkchop":11,"minecraft:diorite":10,"minecraft:rotten_flesh":102,"minecraft:carved_pumpkin":1,"minecraft:blaze_rod":4,"minecraft:obsidian":39,"minecraft:cobblestone":1097,"minecraft:enchanting_table":3,"minecraft:magma_block":6,"minecraft:feather":58,"minecraft:cooked_beef":9,"minecraft:magma_cream":6,"minecraft:water_bucket":1,"minecraft:brown_wool":1,"minecraft:potato":352,"minecraft:flint":4,"minecraft:tuff":90,"minecraft:lapis_lazuli":202,"minecraft:dirt":702,"minecraft:leather_boots":1,"minecraft:bone":56,"minecraft:bow":3,"minecraft:wheat_seeds":278,"minecraft:raw_gold":73,"minecraft:bell":3,"minecraft:fletching_table":13,"minecraft:glowstone_dust":39,"minecraft:oak_planks":980,"minecraft:warped_wart_block":169,"minecraft:poisonous_potato":2,"minecraft:sand":42,"minecraft:spectral_arrow":6,"minecraft:mossy_cobblestone":16,"minecraft:diamond":147,"minecraft:crossbow":1,"minecraft:granite":5,"minecraft:golden_apple":2,"minecraft:emerald":13,"minecraft:oak_sapling":673,"minecraft:netherrack":1769,"minecraft:diamond_pickaxe":1,"minecraft:crafting_table":23,"minecraft:chicken":18,"minecraft:nether_wart":5,"minecraft:brown_mushroom":18,"minecraft:wooden_pickaxe":13,"minecraft:pink_wool":3,"minecraft:gold_block":20,"minecraft:shield":11,"minecraft:cornflower":2,"minecraft:oak_trapdoor":1,"minecraft:iron_axe":2,"minecraft:netherite_scrap":1,"minecraft:blackstone":71,"minecraft:blue_orchid":7,"minecraft:beef":77,"minecraft:oak_boat":18,"minecraft:poppy":23,"minecraft:light_gray_wool":7,"minecraft:lectern":308,"minecraft:sugar_cane":59,"minecraft:chest":4,"minecraft:egg":22,"minecraft:raw_iron":381,"minecraft:oak_door":59,"minecraft:copper_ingot":3,"minecraft:fire_charge":1,"minecraft:polished_blackstone_bricks":2,"minecraft:carrot":147,"minecraft:redstone":38,"minecraft:arrow":62,"minecraft:nether_bricks":14,"minecraft:hay_block":1,"minecraft:gold_ingot":25,"minecraft:mutton":96,"minecraft:white_wool":85,"minecraft:oxeye_daisy":3,"minecraft:stripped_oak_log":116,"minecraft:basalt":131,"minecraft:glow_ink_sac":30,"minecraft:salmon":12,"minecraft:leather":69,"minecraft:oak_log":1260,"minecraft:lily_pad":33,"minecraft:yellow_bed":5,"minecraft:nether_wart_block":3,"minecraft:gunpowder":11,"minecraft:cobblestone_stairs":1,"minecraft:cooked_mutton":24,"minecraft:apple":97,"minecraft:warped_stem":25,"minecraft:oak_fence_gate":4,"minecraft:iron_ingot":43,"minecraft:stone_pickaxe":4,"minecraft:iron_sword":6,"minecraft:soul_sand":23,"minecraft:book":12,"minecraft:oak_slab":1,"minecraft:warped_fungus":1,"minecraft:pumpkin":14,"minecraft:quartz":244,"minecraft:dandelion":8,"minecraft:raw_iron_block":1,"minecraft:gravel":27,"minecraft:lava_bucket":1,"minecraft:white_bed":13,"minecraft:crying_obsidian":6,"minecraft:spider_eye":1,"travelersbackpack:standard":2,"minecraft:pumpkin_seeds":4,"minecraft:slime_ball":13,"minecraft:stone_axe":10,"minecraft:iron_helmet":7,"minecraft:gray_wool":4,"minecraft:warped_roots":7,"minecraft:lodestone":1,"minecraft:warped_nylium":4,"minecraft:coal":427,"minecraft:ender_pearl":9},"minecraft:killed":{"minecraft:spider":10,"minecraft:skeleton":18,"minecraft:chicken":10,"minecraft:piglin_brute":3,"minecraft:magma_cube":51,"minecraft:piglin":1,"minecraft:zombie_villager":1,"minecraft:salmon":12,"minecraft:iron_golem":6,"minecraft:creeper":5,"minecraft:sheep":14,"minecraft:zombie":70,"minecraft:blaze":13,"minecraft:cow":19,"minecraft:bogged":2,"minecraft:slime":19,"minecraft:horse":2,"minecraft:drowned":4,"minecraft:bat":3,"minecraft:frog":1,"minecraft:hoglin":1,"minecraft:wither_skeleton":3,"minecraft:villager":3,"minecraft:enderman":12},"minecraft:mined":{"minecraft:white_bed":10,"minecraft:oak_sapling":8,"minecraft:cobblestone_stairs":1,"minecraft:carved_pumpkin":1,"minecraft:obsidian":15,"minecraft:granite":7,"minecraft:grass_block":193,"minecraft:cracked_polished_blackstone_bricks":1,"minecraft:nether_wart":3,"minecraft:oxeye_daisy":2,"minecraft:gilded_blackstone":2,"minecraft:spawner":1,"minecraft:polished_blackstone_bricks":2,"minecraft:tall_seagrass":1,"minecraft:magma_block":25,"minecraft:raw_iron_block":1,"minecraft:glowstone":13,"minecraft:iron_ore":142,"minecraft:cobbled_deepslate":28,"minecraft:fire":35,"minecraft:pumpkin":14,"minecraft:fletching_table":13,"minecraft:deepslate_lapis_ore":9,"minecraft:enchanting_table":3,"minecraft:dirt_path":38,"minecraft:oak_stairs":16,"minecraft:blue_orchid":2,"minecraft:deepslate_redstone_ore":4,"minecraft:brown_mushroom":10,"minecraft:blackstone":66,"minecraft:crimson_nylium":2,"minecraft:poppy":2,"minecraft:chest":4,"minecraft:glass":1,"minecraft:nether_quartz_ore":106,"minecraft:cobblestone":241,"minecraft:sugar_cane":20,"minecraft:oak_planks":210,"minecraft:wall_torch":4,"minecraft:seagrass":4,"minecraft:nether_wart_block":3,"minecraft:wheat":94,"minecraft:oak_log":1233,"minecraft:oak_fence_gate":4,"minecraft:sand":40,"minecraft:dirt":380,"minecraft:netherrack":1945,"minecraft:oak_leaves":76,"minecraft:deepslate":239,"minecraft:nether_gold_ore":45,"minecraft:tuff":45,"minecraft:mossy_cobblestone":15,"minecraft:deepslate_diamond_ore":64,"minecraft:oak_door":39,"minecraft:nether_bricks":17,"minecraft:hay_block":1,"minecraft:redstone_ore":2,"minecraft:oak_trapdoor":1,"minecraft:furnace":6,"minecraft:carrots":45,"minecraft:andesite":24,"minecraft:gold_block":9,"minecraft:bell":1,"minecraft:nether_brick_fence":2,"minecraft:bookshelf":4,"minecraft:potatoes":106,"minecraft:deepslate_iron_ore":69,"minecraft:shroomlight":8,"minecraft:vine":17,"minecraft:warped_stem":25,"minecraft:stripped_oak_log":116,"minecraft:stone":388,"minecraft:smithing_table":1,"minecraft:oak_slab":1,"minecraft:glass_pane":3,"minecraft:soul_sand":16,"minecraft:basalt":139,"minecraft:dandelion":7,"travelersbackpack:standard":2,"minecraft:oak_fence":31,"minecraft:crafting_table":9,"minecraft:cornflower":2,"minecraft:short_grass":210,"minecraft:warped_roots":1,"minecraft:lectern":308,"minecraft:tall_grass":6,"minecraft:lapis_ore":8,"minecraft:deepslate_gold_ore":17,"minecraft:lily_pad":15,"minecraft:diorite":20,"minecraft:warped_wart_block":183,"minecraft:yellow_bed":5,"minecraft:coal_ore":128,"minecraft:gravel":18,"minecraft:polished_blackstone":1,"minecraft:gold_ore":12}},"DataVersion":3953}