{"stats":{"minecraft:custom":{"minecraft:animals_bred":26,"minecraft:interact_with_crafting_table":123,"minecraft:bell_ring":3,"minecraft:leave_game":6,"minecraft:time_since_death":509180,"minecraft:sprint_one_cm":1380186,"minecraft:damage_blocked_by_shield":3719,"minecraft:drop":85,"minecraft:talked_to_villager":614,"minecraft:play_time":663995,"minecraft:deaths":21,"minecraft:jump":8023,"minecraft:interact_with_brewingstand":1,"minecraft:walk_on_water_one_cm":188611,"minecraft:enchant_item":4,"minecraft:interact_with_furnace":208,"minecraft:traded_with_villager":245,"minecraft:sleep_in_bed":31,"minecraft:damage_dealt":31475,"minecraft:player_kills":3,"minecraft:crouch_one_cm":58719,"minecraft:interact_with_smithing_table":14,"minecraft:mob_kills":186,"minecraft:interact_with_anvil":15,"minecraft:climb_one_cm":4296,"minecraft:walk_one_cm":1556710,"minecraft:sneak_time":27854,"minecraft:walk_under_water_one_cm":145192,"minecraft:boat_one_cm":149981,"minecraft:interact_with_blast_furnace":1,"minecraft:total_world_time":663995,"minecraft:time_since_rest":33546,"minecraft:damage_taken":10424,"minecraft:damage_absorbed":40,"minecraft:swim_one_cm":282479,"minecraft:fly_one_cm":1276787,"minecraft:open_chest":166,"minecraft:fall_one_cm":190915},"minecraft:picked_up":{"minecraft:wooden_axe":9,"minecraft:iron_chestplate":6,"minecraft:wheat":87,"minecraft:oak_stairs":9,"minecraft:string":48,"minecraft:iron_leggings":3,"minecraft:cobbled_deepslate":438,"minecraft:iron_pickaxe":4,"minecraft:iron_boots":6,"minecraft:furnace":10,"minecraft:stick":497,"minecraft:oak_fence":30,"minecraft:torch":77,"minecraft:porkchop":7,"minecraft:diorite":10,"minecraft:rotten_flesh":93,"minecraft:obsidian":33,"minecraft:cobblestone":1081,"minecraft:enchanting_table":3,"minecraft:feather":58,"minecraft:cooked_beef":9,"minecraft:water_bucket":1,"minecraft:brown_wool":1,"minecraft:potato":221,"minecraft:flint":4,"minecraft:tuff":90,"minecraft:dirt":692,"minecraft:lapis_lazuli":202,"minecraft:leather_boots":1,"minecraft:bone":51,"minecraft:bow":2,"minecraft:wheat_seeds":204,"minecraft:raw_gold":73,"minecraft:bell":3,"minecraft:fletching_table":13,"minecraft:oak_planks":976,"minecraft:sand":42,"minecraft:mossy_cobblestone":15,"minecraft:diamond":145,"minecraft:granite":5,"minecraft:golden_apple":2,"minecraft:emerald":13,"minecraft:oak_sapling":607,"minecraft:diamond_pickaxe":1,"minecraft:crafting_table":23,"minecraft:chicken":18,"minecraft:brown_mushroom":18,"minecraft:wooden_pickaxe":13,"minecraft:pink_wool":3,"minecraft:shield":11,"minecraft:cornflower":2,"minecraft:iron_axe":2,"minecraft:oak_trapdoor":1,"minecraft:blue_orchid":7,"minecraft:beef":69,"minecraft:oak_boat":18,"minecraft:poppy":23,"minecraft:light_gray_wool":7,"minecraft:lectern":308,"minecraft:sugar_cane":59,"minecraft:egg":17,"minecraft:raw_iron":381,"minecraft:oak_door":59,"minecraft:copper_ingot":3,"minecraft:carrot":80,"minecraft:redstone":38,"minecraft:arrow":57,"minecraft:hay_block":1,"minecraft:gold_ingot":2,"minecraft:mutton":96,"minecraft:white_wool":85,"minecraft:oxeye_daisy":3,"minecraft:stripped_oak_log":116,"minecraft:glow_ink_sac":30,"minecraft:salmon":12,"minecraft:leather":54,"minecraft:oak_log":1156,"minecraft:lily_pad":33,"minecraft:yellow_bed":5,"minecraft:gunpowder":9,"minecraft:cooked_mutton":24,"minecraft:apple":88,"minecraft:oak_fence_gate":4,"minecraft:iron_ingot":43,"minecraft:stone_pickaxe":4,"minecraft:iron_sword":6,"minecraft:book":12,"minecraft:oak_slab":1,"minecraft:pumpkin":1,"minecraft:dandelion":8,"minecraft:raw_iron_block":1,"minecraft:gravel":27,"minecraft:white_bed":13,"travelersbackpack:standard":2,"minecraft:slime_ball":13,"minecraft:stone_axe":10,"minecraft:iron_helmet":7,"minecraft:gray_wool":4,"minecraft:coal":425},"minecraft:used":{"minecraft:iron_shovel":255,"minecraft:poppy":1,"minecraft:chest":4,"minecraft:shield":89,"minecraft:iron_sword":262,"minecraft:bell":2,"minecraft:rotten_flesh":35,"minecraft:iron_chestplate":1,"minecraft:mutton":10,"minecraft:carrot":46,"minecraft:tuff":32,"minecraft:glass":1,"minecraft:furnace":14,"minecraft:oak_sapling":197,"minecraft:egg":13,"minecraft:potato":108,"minecraft:diorite":4,"minecraft:stone_pickaxe":595,"minecraft:oak_planks":103,"minecraft:wooden_pickaxe":37,"minecraft:sugar_cane":12,"minecraft:golden_apple":1,"minecraft:sand":6,"minecraft:bread":3,"minecraft:lectern":310,"minecraft:oak_boat":20,"minecraft:bone_meal":21,"minecraft:oak_trapdoor":6,"minecraft:oak_fence":78,"minecraft:enchanting_table":3,"minecraft:stone_shovel":131,"minecraft:cooked_salmon":10,"minecraft:stone_hoe":136,"minecraft:cooked_chicken":5,"minecraft:oak_door":40,"minecraft:torch":109,"minecraft:dirt":601,"minecraft:anvil":1,"minecraft:diamond_helmet":1,"minecraft:granite":5,"minecraft:oak_fence_gate":1,"minecraft:wooden_axe":16,"minecraft:iron_axe":1827,"minecraft:oak_stairs":6,"minecraft:diamond_chestplate":2,"minecraft:beef":9,"minecraft:cooked_beef":15,"minecraft:cobbled_deepslate":220,"minecraft:pumpkin":1,"minecraft:iron_leggings":1,"minecraft:wheat_seeds":95,"minecraft:cooked_mutton":17,"minecraft:water_bucket":75,"minecraft:baked_potato":32,"minecraft:fletching_table":16,"minecraft:oak_slab":3,"minecraft:crafting_table":14,"minecraft:white_bed":12,"minecraft:diamond_pickaxe":611,"minecraft:apple":1,"minecraft:chicken":4,"minecraft:iron_pickaxe":261,"minecraft:stone_axe":471,"minecraft:cobblestone":509,"travelersbackpack:standard":9,"minecraft:bucket":76,"minecraft:yellow_bed":5,"minecraft:diamond_leggings":2},"minecraft:crafted":{"minecraft:oak_planks":3760,"travelersbackpack:crafting_upgrade":1,"minecraft:cooked_chicken":5,"minecraft:bookshelf":2,"minecraft:glass":28,"minecraft:diamond_helmet":1,"minecraft:diamond_leggings":1,"minecraft:iron_boots":1,"minecraft:chest":6,"minecraft:stone_hoe":1,"minecraft:oak_fence":54,"minecraft:oak_slab":18,"travelersbackpack:iron_tier_upgrade":1,"minecraft:emerald":237,"minecraft:crafting_table":5,"minecraft:iron_helmet":1,"minecraft:wooden_pickaxe":1,"minecraft:baked_potato":111,"travelersbackpack:standard":5,"minecraft:fletching_table":3,"minecraft:lectern":2,"minecraft:iron_chestplate":1,"minecraft:book":3,"minecraft:paper":45,"minecraft:diamond_pickaxe":1,"minecraft:shield":1,"minecraft:stick":7319,"minecraft:iron_ingot":194,"minecraft:iron_pickaxe":4,"minecraft:iron_block":13,"minecraft:gold_ingot":38,"minecraft:shears":1,"minecraft:oak_door":3,"minecraft:raw_iron":9,"minecraft:stone_shovel":1,"minecraft:furnace":10,"minecraft:bone_meal":21,"travelersbackpack:gold_tier_upgrade":1,"travelersbackpack:blank_upgrade":4,"minecraft:oak_trapdoor":6,"minecraft:iron_axe":8,"travelersbackpack:light_gray_sleeping_bag":1,"minecraft:stone_pickaxe":4,"minecraft:diamond_boots":1,"travelersbackpack:diamond_tier_upgrade":1,"minecraft:wheat":9,"minecraft:cooked_beef":20,"minecraft:enchanting_table":1,"travelersbackpack:backpack_tank":4,"minecraft:iron_sword":2,"minecraft:cooked_salmon":10,"minecraft:bucket":1,"minecraft:stone_axe":3,"minecraft:enchanted_book":8,"minecraft:air":19,"minecraft:oak_boat":5,"minecraft:white_wool":4,"minecraft:golden_apple":2,"minecraft:wooden_axe":1,"minecraft:iron_shovel":1,"minecraft:iron_leggings":2,"minecraft:anvil":1,"minecraft:white_bed":3,"minecraft:torch":112,"minecraft:lapis_block":19,"minecraft:diamond_chestplate":1},"minecraft:killed":{"minecraft:spider":9,"minecraft:skeleton":15,"minecraft:chicken":10,"minecraft:zombie_villager":1,"minecraft:salmon":12,"minecraft:iron_golem":6,"minecraft:creeper":4,"minecraft:sheep":14,"minecraft:zombie":63,"minecraft:cow":15,"minecraft:bogged":1,"minecraft:slime":19,"minecraft:horse":2,"minecraft:drowned":4,"minecraft:bat":2,"minecraft:frog":1,"minecraft:villager":3},"minecraft:broken":{"minecraft:iron_shovel":1,"minecraft:stone_pickaxe":4,"minecraft:stone_axe":4,"minecraft:iron_sword":1,"minecraft:stone_shovel":1,"minecraft:iron_axe":7,"minecraft:iron_pickaxe":1},"minecraft:dropped":{"minecraft:glow_ink_sac":6,"minecraft:diamond":3,"minecraft:emerald":1,"minecraft:flint":1,"minecraft:dirt":1,"minecraft:sand":7,"minecraft:gravel":14,"minecraft:cobbled_deepslate":15,"minecraft:oak_planks":1,"minecraft:poppy":14,"minecraft:gunpowder":1,"minecraft:arrow":21,"minecraft:egg":1,"minecraft:oak_slab":6,"minecraft:wheat_seeds":11,"minecraft:mossy_cobblestone":15,"minecraft:oak_fence":2,"minecraft:iron_helmet":1,"minecraft:stick":2,"minecraft:gray_wool":2,"minecraft:diorite":3,"minecraft:torch":1,"minecraft:lily_pad":6,"minecraft:dandelion":1,"minecraft:tuff":14,"minecraft:light_gray_wool":1,"minecraft:shield":2,"minecraft:oak_sapling":13,"minecraft:oak_boat":2,"minecraft:bow":1,"minecraft:stone_pickaxe":1,"minecraft:wooden_pickaxe":1},"minecraft:killed_by":{"minecraft:drowned":12,"minecraft:zombie":2,"minecraft:skeleton":6},"minecraft:mined":{"minecraft:white_bed":10,"minecraft:oak_sapling":7,"minecraft:obsidian":12,"minecraft:granite":7,"minecraft:grass_block":189,"minecraft:oxeye_daisy":2,"minecraft:spawner":1,"minecraft:tall_seagrass":1,"minecraft:raw_iron_block":1,"minecraft:iron_ore":142,"minecraft:cobbled_deepslate":28,"minecraft:pumpkin":1,"minecraft:fletching_table":13,"minecraft:deepslate_lapis_ore":9,"minecraft:enchanting_table":3,"minecraft:dirt_path":37,"minecraft:oak_stairs":16,"minecraft:blue_orchid":2,"minecraft:deepslate_redstone_ore":4,"minecraft:brown_mushroom":10,"minecraft:poppy":2,"minecraft:glass":1,"minecraft:cobblestone":225,"minecraft:sugar_cane":20,"minecraft:oak_planks":206,"minecraft:wall_torch":4,"minecraft:seagrass":4,"minecraft:wheat":67,"minecraft:oak_log":1124,"minecraft:oak_fence_gate":4,"minecraft:sand":40,"minecraft:dirt":375,"minecraft:oak_leaves":76,"minecraft:deepslate":239,"minecraft:tuff":45,"minecraft:mossy_cobblestone":14,"minecraft:deepslate_diamond_ore":64,"minecraft:oak_door":39,"minecraft:hay_block":1,"minecraft:redstone_ore":2,"minecraft:oak_trapdoor":1,"minecraft:furnace":6,"minecraft:carrots":25,"minecraft:andesite":24,"minecraft:bell":1,"minecraft:bookshelf":4,"minecraft:potatoes":70,"minecraft:deepslate_iron_ore":69,"minecraft:vine":16,"minecraft:stripped_oak_log":116,"minecraft:stone":388,"minecraft:oak_slab":1,"minecraft:glass_pane":3,"minecraft:dandelion":7,"travelersbackpack:standard":2,"minecraft:oak_fence":31,"minecraft:crafting_table":9,"minecraft:cornflower":2,"minecraft:short_grass":206,"minecraft:lectern":308,"minecraft:tall_grass":5,"minecraft:lapis_ore":8,"minecraft:deepslate_gold_ore":17,"minecraft:lily_pad":15,"minecraft:diorite":20,"minecraft:yellow_bed":5,"minecraft:coal_ore":128,"minecraft:gravel":18,"minecraft:gold_ore":12}},"DataVersion":3953}