{"stats":{"minecraft:custom":{"minecraft:animals_bred":41,"minecraft:interact_with_crafting_table":127,"minecraft:bell_ring":3,"minecraft:leave_game":7,"minecraft:time_since_death":583973,"minecraft:sprint_one_cm":1568855,"minecraft:damage_blocked_by_shield":3984,"minecraft:drop":113,"minecraft:talked_to_villager":627,"minecraft:play_time":738788,"minecraft:deaths":21,"minecraft:jump":9224,"minecraft:interact_with_brewingstand":1,"minecraft:walk_on_water_one_cm":205278,"minecraft:enchant_item":4,"minecraft:interact_with_furnace":229,"minecraft:traded_with_villager":349,"minecraft:sleep_in_bed":31,"minecraft:damage_dealt":35031,"minecraft:player_kills":3,"minecraft:crouch_one_cm":69431,"minecraft:interact_with_smithing_table":16,"minecraft:mob_kills":214,"minecraft:interact_with_anvil":18,"minecraft:climb_one_cm":4499,"minecraft:walk_one_cm":1714817,"minecraft:sneak_time":31681,"minecraft:walk_under_water_one_cm":158032,"minecraft:boat_one_cm":149981,"minecraft:interact_with_blast_furnace":1,"minecraft:total_world_time":738788,"minecraft:time_since_rest":108339,"minecraft:damage_taken":10997,"minecraft:damage_absorbed":40,"minecraft:swim_one_cm":288481,"minecraft:fly_one_cm":1464758,"minecraft:open_chest":203,"minecraft:fall_one_cm":225131},"minecraft:killed_by":{"minecraft:drowned":12,"minecraft:zombie":2,"minecraft:skeleton":6},"minecraft:dropped":{"minecraft:glow_ink_sac":6,"minecraft:diamond":3,"minecraft:flint":1,"minecraft:emerald":1,"minecraft:dirt":1,"minecraft:sand":7,"minecraft:gold_ingot":26,"minecraft:gravel":14,"minecraft:cobbled_deepslate":15,"minecraft:oak_planks":1,"minecraft:poppy":14,"minecraft:gunpowder":1,"minecraft:arrow":21,"minecraft:egg":1,"minecraft:oak_slab":6,"minecraft:wheat_seeds":11,"minecraft:mossy_cobblestone":15,"minecraft:poisonous_potato":2,"minecraft:oak_fence":2,"minecraft:iron_helmet":1,"minecraft:stick":2,"minecraft:lava_bucket":1,"minecraft:gray_wool":2,"minecraft:diorite":3,"minecraft:torch":1,"minecraft:lily_pad":6,"minecraft:dandelion":1,"minecraft:tuff":14,"minecraft:light_gray_wool":1,"minecraft:shield":2,"minecraft:oak_sapling":13,"minecraft:oak_boat":2,"minecraft:bow":1,"minecraft:stone_pickaxe":1,"minecraft:wooden_pickaxe":1},"minecraft:crafted":{"minecraft:oak_planks":5216,"travelersbackpack:crafting_upgrade":1,"minecraft:cooked_chicken":5,"minecraft:bookshelf":2,"minecraft:warped_planks":7,"minecraft:glass":28,"minecraft:diamond_helmet":1,"minecraft:diamond_leggings":1,"minecraft:iron_boots":1,"minecraft:chest":6,"minecraft:stone_hoe":1,"minecraft:oak_fence":54,"minecraft:oak_slab":18,"travelersbackpack:iron_tier_upgrade":1,"minecraft:emerald":337,"minecraft:crafting_table":5,"travelersbackpack:standard":5,"minecraft:baked_potato":111,"minecraft:wooden_pickaxe":1,"minecraft:iron_helmet":1,"minecraft:fletching_table":3,"minecraft:lectern":2,"minecraft:iron_chestplate":1,"minecraft:book":9,"minecraft:paper":45,"minecraft:diamond_pickaxe":1,"minecraft:shield":1,"minecraft:stick":10271,"minecraft:iron_ingot":243,"minecraft:iron_pickaxe":4,"minecraft:iron_block":13,"minecraft:gold_ingot":54,"minecraft:shears":1,"minecraft:oak_door":3,"minecraft:stone_shovel":1,"minecraft:raw_iron":9,"minecraft:furnace":10,"minecraft:bone_meal":21,"travelersbackpack:gold_tier_upgrade":1,"travelersbackpack:blank_upgrade":4,"minecraft:oak_trapdoor":6,"minecraft:flint_and_steel":1,"minecraft:iron_axe":9,"travelersbackpack:light_gray_sleeping_bag":1,"minecraft:stone_pickaxe":4,"minecraft:diamond_boots":1,"minecraft:golden_helmet":1,"travelersbackpack:diamond_tier_upgrade":1,"minecraft:wheat":9,"minecraft:cooked_beef":28,"minecraft:enchanting_table":1,"travelersbackpack:backpack_tank":4,"minecraft:iron_sword":2,"minecraft:cooked_salmon":10,"minecraft:bucket":3,"minecraft:stone_axe":4,"minecraft:enchanted_book":12,"minecraft:air":66,"travelersbackpack:pumpkin":1,"minecraft:oak_boat":5,"minecraft:white_wool":4,"minecraft:golden_apple":2,"minecraft:wooden_axe":1,"minecraft:iron_shovel":1,"minecraft:iron_leggings":2,"minecraft:anvil":2,"minecraft:white_bed":3,"minecraft:torch":112,"minecraft:lapis_block":19,"minecraft:diamond_chestplate":1},"minecraft:broken":{"minecraft:iron_shovel":1,"minecraft:stone_pickaxe":4,"minecraft:stone_axe":5,"minecraft:iron_sword":1,"minecraft:stone_shovel":1,"minecraft:iron_axe":8,"minecraft:iron_pickaxe":1},"minecraft:used":{"minecraft:iron_shovel":255,"minecraft:poppy":1,"minecraft:chest":4,"minecraft:shield":103,"minecraft:iron_sword":333,"minecraft:bell":2,"minecraft:rotten_flesh":35,"minecraft:iron_chestplate":1,"minecraft:mutton":10,"minecraft:carrot":66,"minecraft:tuff":32,"minecraft:obsidian":10,"minecraft:glass":1,"minecraft:lava_bucket":5,"minecraft:bow":4,"minecraft:furnace":14,"minecraft:oak_sapling":272,"minecraft:egg":17,"minecraft:potato":144,"minecraft:diorite":4,"minecraft:diamond_boots":1,"minecraft:stone_pickaxe":595,"minecraft:oak_planks":107,"minecraft:blackstone":30,"minecraft:wooden_pickaxe":37,"minecraft:sugar_cane":12,"minecraft:golden_apple":1,"minecraft:sand":6,"minecraft:shears":1,"minecraft:bread":3,"minecraft:lectern":310,"minecraft:golden_helmet":1,"minecraft:smithing_table":1,"minecraft:oak_boat":20,"minecraft:bone_meal":21,"minecraft:oak_fence":78,"minecraft:oak_trapdoor":6,"minecraft:enchanting_table":3,"minecraft:flint_and_steel":1,"minecraft:stone_shovel":131,"minecraft:cooked_salmon":10,"minecraft:cooked_chicken":5,"minecraft:stone_hoe":139,"minecraft:netherrack":95,"minecraft:oak_door":40,"minecraft:torch":109,"minecraft:dirt":611,"minecraft:anvil":2,"minecraft:diamond_helmet":1,"minecraft:granite":5,"minecraft:oak_fence_gate":1,"minecraft:wooden_axe":16,"minecraft:iron_axe":2069,"minecraft:oak_stairs":6,"minecraft:diamond_chestplate":2,"minecraft:beef":9,"minecraft:cooked_beef":15,"minecraft:cobbled_deepslate":220,"minecraft:pumpkin":2,"minecraft:iron_leggings":1,"minecraft:wheat_seeds":123,"minecraft:cooked_mutton":17,"minecraft:water_bucket":88,"minecraft:baked_potato":51,"minecraft:fletching_table":16,"minecraft:oak_slab":3,"minecraft:crafting_table":14,"minecraft:white_bed":12,"minecraft:diamond_pickaxe":672,"minecraft:apple":1,"minecraft:chicken":4,"minecraft:iron_pickaxe":415,"minecraft:stone_axe":599,"minecraft:cobblestone":512,"travelersbackpack:standard":9,"minecraft:bucket":94,"minecraft:yellow_bed":5,"minecraft:diamond_leggings":2},"minecraft:picked_up":{"minecraft:wooden_axe":9,"minecraft:iron_chestplate":6,"minecraft:wheat":112,"minecraft:smithing_table":1,"minecraft:oak_stairs":9,"minecraft:potion":1,"minecraft:nether_brick":7,"minecraft:string":56,"minecraft:iron_leggings":3,"minecraft:shroomlight":8,"minecraft:gold_nugget":162,"minecraft:cobbled_deepslate":438,"minecraft:iron_pickaxe":4,"minecraft:furnace":10,"minecraft:iron_boots":6,"minecraft:stick":553,"minecraft:oak_fence":30,"minecraft:torch":77,"minecraft:porkchop":7,"minecraft:diorite":10,"minecraft:rotten_flesh":101,"minecraft:carved_pumpkin":1,"minecraft:obsidian":38,"minecraft:cobblestone":1087,"minecraft:enchanting_table":3,"minecraft:feather":58,"minecraft:cooked_beef":9,"minecraft:magma_cream":2,"minecraft:water_bucket":1,"minecraft:brown_wool":1,"minecraft:potato":352,"minecraft:flint":4,"minecraft:tuff":90,"minecraft:lapis_lazuli":202,"minecraft:dirt":701,"minecraft:leather_boots":1,"minecraft:bone":54,"minecraft:bow":3,"minecraft:wheat_seeds":278,"minecraft:raw_gold":73,"minecraft:bell":3,"minecraft:fletching_table":13,"minecraft:oak_planks":980,"minecraft:warped_wart_block":168,"minecraft:poisonous_potato":2,"minecraft:sand":42,"minecraft:mossy_cobblestone":15,"minecraft:diamond":145,"minecraft:crossbow":1,"minecraft:granite":5,"minecraft:golden_apple":2,"minecraft:emerald":13,"minecraft:oak_sapling":673,"minecraft:netherrack":132,"minecraft:diamond_pickaxe":1,"minecraft:crafting_table":23,"minecraft:chicken":18,"minecraft:brown_mushroom":18,"minecraft:wooden_pickaxe":13,"minecraft:pink_wool":3,"minecraft:shield":11,"minecraft:cornflower":2,"minecraft:oak_trapdoor":1,"minecraft:iron_axe":2,"minecraft:blackstone":31,"minecraft:blue_orchid":7,"minecraft:beef":77,"minecraft:oak_boat":18,"minecraft:poppy":23,"minecraft:light_gray_wool":7,"minecraft:lectern":308,"minecraft:sugar_cane":59,"minecraft:egg":21,"minecraft:raw_iron":381,"minecraft:oak_door":59,"minecraft:copper_ingot":3,"minecraft:fire_charge":1,"minecraft:carrot":147,"minecraft:redstone":38,"minecraft:arrow":62,"minecraft:hay_block":1,"minecraft:gold_ingot":14,"minecraft:mutton":96,"minecraft:white_wool":85,"minecraft:oxeye_daisy":3,"minecraft:stripped_oak_log":116,"minecraft:basalt":4,"minecraft:glow_ink_sac":30,"minecraft:salmon":12,"minecraft:leather":63,"minecraft:oak_log":1260,"minecraft:lily_pad":33,"minecraft:yellow_bed":5,"minecraft:gunpowder":11,"minecraft:cooked_mutton":24,"minecraft:apple":97,"minecraft:warped_stem":25,"minecraft:oak_fence_gate":4,"minecraft:iron_ingot":43,"minecraft:stone_pickaxe":4,"minecraft:iron_sword":6,"minecraft:soul_sand":4,"minecraft:book":12,"minecraft:oak_slab":1,"minecraft:pumpkin":14,"minecraft:quartz":60,"minecraft:dandelion":8,"minecraft:raw_iron_block":1,"minecraft:gravel":27,"minecraft:lava_bucket":1,"minecraft:white_bed":13,"minecraft:crying_obsidian":6,"minecraft:spider_eye":1,"travelersbackpack:standard":2,"minecraft:pumpkin_seeds":4,"minecraft:slime_ball":13,"minecraft:stone_axe":10,"minecraft:iron_helmet":7,"minecraft:gray_wool":4,"minecraft:warped_roots":1,"minecraft:coal":425},"minecraft:killed":{"minecraft:spider":10,"minecraft:skeleton":18,"minecraft:chicken":10,"minecraft:magma_cube":10,"minecraft:piglin":1,"minecraft:zombie_villager":1,"minecraft:salmon":12,"minecraft:iron_golem":6,"minecraft:creeper":5,"minecraft:sheep":14,"minecraft:zombie":69,"minecraft:cow":19,"minecraft:bogged":2,"minecraft:slime":19,"minecraft:horse":2,"minecraft:drowned":4,"minecraft:bat":3,"minecraft:frog":1,"minecraft:villager":3},"minecraft:mined":{"minecraft:white_bed":10,"minecraft:oak_sapling":8,"minecraft:carved_pumpkin":1,"minecraft:obsidian":15,"minecraft:granite":7,"minecraft:grass_block":193,"minecraft:oxeye_daisy":2,"minecraft:spawner":1,"minecraft:tall_seagrass":1,"minecraft:raw_iron_block":1,"minecraft:fire":5,"minecraft:iron_ore":142,"minecraft:cobbled_deepslate":28,"minecraft:pumpkin":14,"minecraft:fletching_table":13,"minecraft:deepslate_lapis_ore":9,"minecraft:enchanting_table":3,"minecraft:dirt_path":38,"minecraft:oak_stairs":16,"minecraft:blue_orchid":2,"minecraft:deepslate_redstone_ore":4,"minecraft:brown_mushroom":10,"minecraft:blackstone":8,"minecraft:poppy":2,"minecraft:glass":1,"minecraft:nether_quartz_ore":23,"minecraft:cobblestone":228,"minecraft:sugar_cane":20,"minecraft:oak_planks":210,"minecraft:wall_torch":4,"minecraft:seagrass":4,"minecraft:wheat":94,"minecraft:oak_log":1233,"minecraft:oak_fence_gate":4,"minecraft:sand":40,"minecraft:dirt":379,"minecraft:netherrack":156,"minecraft:oak_leaves":76,"minecraft:deepslate":239,"minecraft:nether_gold_ore":18,"minecraft:tuff":45,"minecraft:mossy_cobblestone":14,"minecraft:deepslate_diamond_ore":64,"minecraft:oak_door":39,"minecraft:hay_block":1,"minecraft:redstone_ore":2,"minecraft:oak_trapdoor":1,"minecraft:furnace":6,"minecraft:carrots":45,"minecraft:andesite":24,"minecraft:bell":1,"minecraft:bookshelf":4,"minecraft:potatoes":106,"minecraft:shroomlight":8,"minecraft:deepslate_iron_ore":69,"minecraft:vine":17,"minecraft:warped_stem":25,"minecraft:stripped_oak_log":116,"minecraft:stone":388,"minecraft:smithing_table":1,"minecraft:oak_slab":1,"minecraft:glass_pane":3,"minecraft:basalt":4,"minecraft:dandelion":7,"travelersbackpack:standard":2,"minecraft:oak_fence":31,"minecraft:crafting_table":9,"minecraft:cornflower":2,"minecraft:short_grass":210,"minecraft:warped_roots":1,"minecraft:lectern":308,"minecraft:tall_grass":6,"minecraft:lapis_ore":8,"minecraft:deepslate_gold_ore":17,"minecraft:lily_pad":15,"minecraft:diorite":20,"minecraft:warped_wart_block":183,"minecraft:yellow_bed":5,"minecraft:coal_ore":128,"minecraft:gravel":18,"minecraft:gold_ore":12}},"DataVersion":3953}