{"stats":{"minecraft:killed_by":{"minecraft:zombie":4,"minecraft:spider":2,"minecraft:skeleton":1},"minecraft:custom":{"minecraft:interact_with_crafting_table":129,"minecraft:bell_ring":9,"minecraft:eat_cake_slice":40,"minecraft:leave_game":13,"minecraft:time_since_death":29388,"minecraft:sprint_one_cm":3453930,"minecraft:damage_blocked_by_shield":2318,"minecraft:drop":731,"minecraft:talked_to_villager":233,"minecraft:play_time":1565226,"minecraft:deaths":20,"minecraft:jump":16231,"minecraft:walk_on_water_one_cm":82768,"minecraft:interact_with_furnace":299,"minecraft:traded_with_villager":497,"minecraft:sleep_in_bed":74,"minecraft:damage_dealt":84480,"minecraft:player_kills":1,"minecraft:crouch_one_cm":434912,"minecraft:interact_with_smoker":33,"minecraft:use_cauldron":28,"minecraft:interact_with_smithing_table":18,"minecraft:interact_with_anvil":6,"minecraft:mob_kills":353,"minecraft:fill_cauldron":3,"minecraft:climb_one_cm":29616,"minecraft:walk_one_cm":3139672,"minecraft:sneak_time":134495,"minecraft:walk_under_water_one_cm":249890,"minecraft:boat_one_cm":87510,"minecraft:interact_with_blast_furnace":41,"minecraft:total_world_time":1565226,"minecraft:interact_with_stonecutter":43,"minecraft:time_since_rest":29430,"minecraft:damage_taken":20036,"minecraft:minecart_one_cm":119,"minecraft:swim_one_cm":381540,"minecraft:fly_one_cm":2422309,"minecraft:open_chest":350,"minecraft:fall_one_cm":385598},"minecraft:crafted":{"minecraft:chainmail_helmet":15,"minecraft:oak_planks":1591,"minecraft:smooth_stone":3,"travelersbackpack:crafting_upgrade":1,"minecraft:birch_boat":2,"minecraft:cooked_chicken":2,"minecraft:birch_slab":18,"minecraft:stone":721,"minecraft:lever":14,"minecraft:bookshelf":1,"minecraft:cooked_mutton":17,"minecraft:cake":7,"minecraft:glass":42,"minecraft:stone_brick_slab":12,"minecraft:diamond_helmet":2,"minecraft:bow":4,"minecraft:diamond_leggings":2,"minecraft:iron_boots":11,"minecraft:chest":6,"minecraft:chiseled_tuff":1,"minecraft:stone_hoe":1,"minecraft:raw_iron_block":9,"minecraft:smoker":1,"travelersbackpack:iron_tier_upgrade":1,"minecraft:emerald":397,"minecraft:arrow":16,"minecraft:cauldron":4,"minecraft:cooked_porkchop":84,"minecraft:diamond_axe":1,"minecraft:crafting_table":8,"travelersbackpack:standard":1,"minecraft:baked_potato":202,"minecraft:wooden_pickaxe":4,"minecraft:iron_helmet":12,"minecraft:smithing_table":2,"minecraft:fletching_table":1,"minecraft:birch_planks":2496,"minecraft:apple":64,"minecraft:book":3,"minecraft:paper":9,"minecraft:iron_chestplate":2,"minecraft:wooden_hoe":1,"minecraft:diamond_pickaxe":2,"minecraft:charcoal":22,"minecraft:shield":11,"minecraft:stick":10351,"minecraft:iron_ingot":278,"minecraft:iron_pickaxe":13,"minecraft:iron_block":3,"minecraft:stone_sword":4,"minecraft:gold_ingot":31,"minecraft:composter":2,"minecraft:chiseled_tuff_bricks":2,"minecraft:shears":1,"minecraft:cookie":18,"minecraft:raw_iron":108,"minecraft:diamond_hoe":1,"minecraft:furnace":13,"minecraft:blast_furnace":1,"minecraft:piston":14,"minecraft:bone_meal":75,"travelersbackpack:blank_upgrade":4,"travelersbackpack:gold_tier_upgrade":1,"minecraft:oak_trapdoor":7,"travelersbackpack:white_sleeping_bag":1,"minecraft:iron_axe":5,"minecraft:ladder":18,"minecraft:stone_pickaxe":14,"minecraft:cobblestone_wall":1,"minecraft:diamond_boots":2,"minecraft:chainmail_leggings":12,"travelersbackpack:diamond_tier_upgrade":1,"minecraft:minecart":2,"minecraft:wheat":313,"minecraft:cooked_beef":63,"minecraft:diamond_sword":2,"travelersbackpack:backpack_tank":4,"minecraft:iron_sword":2,"minecraft:bucket":2,"minecraft:stone_axe":4,"minecraft:bread":78,"minecraft:air":2973,"minecraft:oak_boat":1,"minecraft:polished_tuff_wall":5,"minecraft:iron_shovel":1,"minecraft:iron_leggings":1,"minecraft:stonecutter":1,"minecraft:anvil":1,"minecraft:white_bed":21,"minecraft:torch":407,"minecraft:diamond_chestplate":2},"minecraft:dropped":{"minecraft:iron_sword":2,"minecraft:birch_planks":1,"minecraft:cooked_beef":22,"minecraft:baked_potato":1,"minecraft:dirt":5,"minecraft:mutton":14,"minecraft:iron_pickaxe":1,"minecraft:gravel":5,"minecraft:stone_axe":1,"minecraft:birch_sapling":1,"minecraft:wheat":139,"minecraft:rotten_flesh":10,"minecraft:oak_planks":1,"minecraft:poppy":4,"minecraft:arrow":1,"minecraft:water_bucket":1,"minecraft:egg":2,"minecraft:stone_hoe":1,"minecraft:bread":19,"minecraft:wheat_seeds":8,"minecraft:dripstone_block":4,"minecraft:poisonous_potato":1,"minecraft:iron_helmet":14,"minecraft:feather":3,"minecraft:apple":7,"minecraft:chainmail_helmet":18,"minecraft:stick":26,"minecraft:diorite":4,"minecraft:torch":3,"minecraft:iron_leggings":1,"minecraft:iron_axe":1,"minecraft:iron_shovel":1,"minecraft:chainmail_leggings":20,"minecraft:string":1,"minecraft:furnace":1,"minecraft:stone_sword":1,"minecraft:cobblestone_wall":1,"minecraft:chicken":2,"minecraft:iron_boots":10,"minecraft:potato":598,"minecraft:shield":8,"minecraft:diamond_pickaxe":2,"minecraft:iron_chestplate":1,"minecraft:spider_eye":1,"minecraft:stone_bricks":2,"minecraft:stone_pickaxe":12,"minecraft:wooden_pickaxe":2},"minecraft:broken":{"minecraft:diamond_helmet":1,"minecraft:stone_sword":1,"minecraft:iron_axe":3,"minecraft:iron_pickaxe":10,"minecraft:wooden_hoe":1},"minecraft:killed":{"minecraft:spider":29,"minecraft:skeleton":41,"minecraft:chicken":8,"minecraft:silverfish":16,"minecraft:pig":44,"minecraft:iron_golem":48,"minecraft:creeper":19,"minecraft:sheep":25,"minecraft:zombie":53,"minecraft:glow_squid":1,"minecraft:cow":33,"minecraft:slime":1,"minecraft:horse":5,"minecraft:drowned":1,"minecraft:enderman":1},"minecraft:mined":{"minecraft:large_amethyst_bud":2,"minecraft:white_bed":13,"minecraft:oak_sapling":5,"minecraft:farmland":87,"minecraft:cobblestone_stairs":1,"minecraft:obsidian":22,"minecraft:granite":33,"minecraft:budding_amethyst":1,"minecraft:grass_block":75,"minecraft:deepslate_bricks":2,"minecraft:chiseled_tuff_bricks":8,"minecraft:composter":5,"minecraft:magma_block":3,"minecraft:raw_iron_block":3,"minecraft:iron_ore":170,"minecraft:cobbled_deepslate":42,"minecraft:polished_tuff":81,"minecraft:pumpkin":18,"minecraft:fletching_table":3,"minecraft:deepslate_lapis_ore":5,"minecraft:pointed_dripstone":42,"minecraft:water_cauldron":2,"minecraft:dirt_path":28,"minecraft:green_carpet":2,"minecraft:deepslate_redstone_ore":30,"minecraft:smoker":1,"minecraft:amethyst_cluster":2,"minecraft:torch":29,"minecraft:blast_furnace":5,"minecraft:chest":2,"minecraft:cobblestone":435,"minecraft:oak_planks":1,"minecraft:sugar_cane":10,"minecraft:wall_torch":32,"minecraft:amethyst_block":1,"minecraft:cauldron":1,"minecraft:birch_sapling":20,"minecraft:birch_log":1058,"minecraft:wheat":8,"minecraft:oak_log":464,"minecraft:dark_oak_sapling":1,"minecraft:sand":47,"minecraft:dirt":301,"minecraft:stonecutter":1,"minecraft:netherrack":1,"minecraft:piston":2,"minecraft:oak_leaves":62,"minecraft:deepslate":3771,"minecraft:infested_deepslate":2,"minecraft:deepslate_tiles":190,"minecraft:tuff":418,"minecraft:deepslate_diamond_ore":51,"minecraft:oak_door":1,"minecraft:lever":2,"minecraft:redstone_wire":34,"minecraft:birch_slab":7,"minecraft:spruce_leaves":11,"minecraft:sandstone":3,"minecraft:large_fern":5,"minecraft:hay_block":42,"minecraft:oak_trapdoor":18,"minecraft:furnace":20,"minecraft:andesite":26,"minecraft:gold_block":2,"minecraft:bell":6,"minecraft:potatoes":486,"minecraft:deepslate_iron_ore":110,"minecraft:rail":288,"minecraft:stone":1291,"minecraft:stone_brick_slab":18,"minecraft:dandelion":4,"travelersbackpack:standard":9,"minecraft:crafting_table":18,"minecraft:short_grass":108,"minecraft:emerald_ore":4,"minecraft:tall_grass":27,"minecraft:copper_ore":4,"minecraft:lapis_ore":13,"minecraft:deepslate_gold_ore":54,"minecraft:diorite":26,"minecraft:birch_planks":6,"minecraft:spruce_log":80,"minecraft:birch_leaves":9,"minecraft:yellow_bed":10,"minecraft:coal_ore":255,"minecraft:gravel":14,"minecraft:dripstone_block":3,"minecraft:polished_tuff_wall":15,"minecraft:cobweb":8,"minecraft:stone_bricks":457,"minecraft:infested_stone":2,"minecraft:fern":1},"minecraft:used":{"minecraft:iron_shovel":214,"minecraft:chiseled_tuff":1,"minecraft:ladder":16,"minecraft:diamond_hoe":256,"minecraft:chest":6,"minecraft:shield":54,"minecraft:stone":3,"minecraft:iron_sword":267,"minecraft:bell":5,"minecraft:iron_chestplate":5,"minecraft:tuff":89,"minecraft:obsidian":14,"minecraft:lava_bucket":13,"minecraft:grass_block":1,"minecraft:birch_sapling":218,"minecraft:iron_helmet":2,"minecraft:stone_bricks":1095,"minecraft:magma_block":2,"minecraft:bow":50,"minecraft:oak_sapling":28,"minecraft:furnace":27,"minecraft:egg":4,"minecraft:potato":689,"minecraft:dark_oak_sapling":1,"minecraft:diorite":4,"minecraft:diamond_boots":1,"minecraft:stone_pickaxe":280,"minecraft:oak_planks":1,"minecraft:wooden_pickaxe":49,"minecraft:composter":6,"minecraft:diamond_axe":663,"minecraft:sand":2,"minecraft:blast_furnace":6,"minecraft:polished_tuff":121,"minecraft:deepslate_tiles":4028,"minecraft:lever":18,"minecraft:birch_slab":8,"minecraft:bread":112,"minecraft:gravel":4,"minecraft:chiseled_tuff_bricks":22,"minecraft:diamond_sword":857,"minecraft:smithing_table":2,"minecraft:birch_log":7,"minecraft:oak_boat":6,"minecraft:bone_meal":75,"minecraft:oak_trapdoor":32,"minecraft:stone_sword":247,"minecraft:flint_and_steel":1,"minecraft:redstone":76,"minecraft:polished_tuff_wall":69,"minecraft:stone_hoe":35,"minecraft:torch":412,"minecraft:dirt":547,"minecraft:anvil":1,"minecraft:diamond_helmet":1,"minecraft:stone_brick_slab":73,"minecraft:iron_axe":1028,"minecraft:iron_boots":3,"minecraft:diamond_chestplate":3,"minecraft:minecart":44,"minecraft:cooked_beef":30,"minecraft:cobbled_deepslate":69,"minecraft:pointed_dripstone":12,"minecraft:iron_leggings":3,"minecraft:wheat_seeds":24,"minecraft:cooked_mutton":2,"minecraft:water_bucket":47,"minecraft:birch_planks":6,"minecraft:baked_potato":164,"minecraft:birch_boat":45,"minecraft:cauldron":7,"minecraft:fletching_table":4,"minecraft:stonecutter":2,"minecraft:deepslate_bricks":254,"minecraft:rail":269,"minecraft:crafting_table":21,"minecraft:white_bed":29,"minecraft:spruce_log":1,"minecraft:cake":7,"minecraft:smoker":1,"minecraft:oak_log":3,"minecraft:piston":16,"minecraft:wooden_hoe":59,"minecraft:diamond_pickaxe":5337,"minecraft:apple":5,"minecraft:iron_pickaxe":2854,"minecraft:stone_axe":200,"minecraft:cobblestone":772,"travelersbackpack:standard":2,"minecraft:cooked_porkchop":19,"minecraft:bucket":77,"minecraft:yellow_bed":10,"minecraft:chainmail_leggings":1},"minecraft:picked_up":{"minecraft:iron_chestplate":8,"minecraft:wheat":4,"minecraft:diamond_sword":4,"minecraft:enchanted_book":1,"minecraft:amethyst_block":1,"minecraft:string":37,"minecraft:raw_copper":13,"minecraft:iron_leggings":10,"minecraft:deepslate_tiles":211,"minecraft:diamond_leggings":2,"minecraft:cobbled_deepslate":4103,"minecraft:bucket":8,"minecraft:iron_pickaxe":3,"minecraft:iron_boots":9,"minecraft:furnace":23,"minecraft:stick":412,"minecraft:composter":9,"minecraft:torch":320,"minecraft:porkchop":93,"minecraft:pointed_dripstone":117,"minecraft:diorite":36,"minecraft:cauldron":6,"minecraft:rotten_flesh":92,"minecraft:obsidian":22,"minecraft:cobblestone":1926,"minecraft:birch_log":1090,"minecraft:magma_block":2,"minecraft:feather":19,"minecraft:cooked_beef":57,"minecraft:birch_slab":8,"minecraft:water_bucket":8,"minecraft:andesite":39,"minecraft:brown_wool":1,"minecraft:smoker":1,"minecraft:potato":2279,"minecraft:flint":2,"minecraft:tuff":522,"minecraft:lapis_lazuli":234,"minecraft:dirt":654,"minecraft:leather_boots":1,"minecraft:bone":73,"minecraft:stonecutter":1,"minecraft:bow":9,"minecraft:wheat_seeds":58,"minecraft:raw_gold":102,"minecraft:bell":7,"minecraft:diamond_helmet":1,"minecraft:fletching_table":4,"minecraft:oak_planks":335,"minecraft:cooked_porkchop":6,"minecraft:poisonous_potato":5,"minecraft:sand":44,"minecraft:grass_block":1,"minecraft:diamond":87,"minecraft:lever":4,"minecraft:granite":58,"minecraft:chainmail_helmet":4,"minecraft:emerald":28,"minecraft:bread":110,"minecraft:oak_sapling":163,"minecraft:netherrack":1,"minecraft:diamond_pickaxe":10,"minecraft:charcoal":3,"minecraft:crafting_table":19,"minecraft:polished_tuff_wall":18,"minecraft:chicken":9,"minecraft:ladder":2,"minecraft:chest_minecart":1,"minecraft:wooden_pickaxe":2,"minecraft:gold_block":2,"minecraft:shield":6,"minecraft:oak_trapdoor":18,"minecraft:iron_axe":6,"minecraft:iron_shovel":3,"minecraft:beef":77,"minecraft:oak_boat":7,"minecraft:poppy":58,"minecraft:chest":2,"minecraft:light_gray_wool":8,"minecraft:minecart":47,"minecraft:sugar_cane":49,"minecraft:birch_sapling":221,"minecraft:diamond_hoe":1,"minecraft:piston":2,"minecraft:egg":8,"minecraft:dark_oak_sapling":2,"minecraft:raw_iron":325,"minecraft:oak_door":1,"minecraft:copper_ingot":2,"minecraft:cookie":18,"minecraft:redstone":234,"minecraft:arrow":141,"minecraft:diamond_chestplate":3,"minecraft:deepslate_bricks":1,"minecraft:shears":1,"minecraft:diamond_boots":3,"minecraft:hay_block":58,"minecraft:mutton":43,"minecraft:white_wool":140,"minecraft:rail":409,"minecraft:glow_ink_sac":2,"minecraft:leather":61,"minecraft:birch_planks":169,"minecraft:oak_log":449,"minecraft:yellow_bed":10,"minecraft:gunpowder":25,"minecraft:cobblestone_stairs":1,"minecraft:cooked_mutton":9,"minecraft:apple":50,"minecraft:stone_bricks":517,"minecraft:stone_pickaxe":3,"minecraft:iron_ingot":248,"minecraft:iron_sword":7,"minecraft:birch_boat":47,"minecraft:pumpkin":18,"minecraft:stone_brick_slab":97,"minecraft:dandelion":17,"minecraft:raw_iron_block":3,"minecraft:dripstone_block":9,"minecraft:gravel":19,"minecraft:lava_bucket":2,"minecraft:amethyst_shard":8,"minecraft:spruce_sapling":2,"minecraft:blast_furnace":6,"minecraft:white_bed":18,"minecraft:spruce_log":38,"minecraft:polished_tuff":86,"minecraft:spider_eye":9,"travelersbackpack:standard":9,"minecraft:stone_axe":2,"minecraft:chainmail_leggings":9,"minecraft:iron_helmet":13,"minecraft:diamond_axe":1,"minecraft:baked_potato":294,"minecraft:chiseled_tuff_bricks":8,"minecraft:coal":541,"minecraft:ender_pearl":1}},"DataVersion":3953}