{"stats":{"minecraft:custom":{"minecraft:interact_with_crafting_table":95,"minecraft:bell_ring":5,"minecraft:leave_game":8,"minecraft:time_since_death":128928,"minecraft:sprint_one_cm":1692139,"minecraft:damage_blocked_by_shield":812,"minecraft:drop":585,"minecraft:talked_to_villager":11,"minecraft:play_time":780733,"minecraft:deaths":15,"minecraft:jump":8795,"minecraft:walk_on_water_one_cm":57006,"minecraft:interact_with_furnace":192,"minecraft:sleep_in_bed":22,"minecraft:damage_dealt":29994,"minecraft:player_kills":1,"minecraft:crouch_one_cm":155353,"minecraft:interact_with_smoker":25,"minecraft:use_cauldron":13,"minecraft:interact_with_smithing_table":11,"minecraft:mob_kills":229,"minecraft:interact_with_anvil":4,"minecraft:climb_one_cm":1434,"minecraft:walk_one_cm":1406648,"minecraft:sneak_time":41751,"minecraft:walk_under_water_one_cm":96299,"minecraft:boat_one_cm":33586,"minecraft:interact_with_blast_furnace":19,"minecraft:total_world_time":780733,"minecraft:interact_with_stonecutter":17,"minecraft:time_since_rest":15595,"minecraft:damage_taken":10350,"minecraft:minecart_one_cm":113,"minecraft:swim_one_cm":187689,"minecraft:fly_one_cm":1244947,"minecraft:open_chest":169,"minecraft:fall_one_cm":227535},"minecraft:killed_by":{"minecraft:zombie":4,"minecraft:spider":2,"minecraft:skeleton":1},"minecraft:dropped":{"minecraft:iron_sword":1,"minecraft:cooked_beef":22,"minecraft:dirt":5,"minecraft:mutton":14,"minecraft:iron_pickaxe":1,"minecraft:gravel":5,"minecraft:stone_axe":1,"minecraft:wheat":139,"minecraft:rotten_flesh":10,"minecraft:oak_planks":1,"minecraft:arrow":1,"minecraft:egg":1,"minecraft:wheat_seeds":5,"minecraft:dripstone_block":4,"minecraft:feather":3,"minecraft:apple":7,"minecraft:stick":5,"minecraft:diorite":2,"minecraft:string":1,"minecraft:furnace":1,"minecraft:stone_sword":1,"minecraft:cobblestone_wall":1,"minecraft:chicken":2,"minecraft:potato":387,"minecraft:spider_eye":1,"minecraft:stone_pickaxe":1,"minecraft:wooden_pickaxe":2},"minecraft:crafted":{"minecraft:oak_planks":444,"minecraft:smooth_stone":3,"travelersbackpack:crafting_upgrade":1,"minecraft:birch_boat":2,"minecraft:cooked_chicken":2,"minecraft:birch_slab":18,"minecraft:stone":6,"minecraft:cooked_mutton":17,"minecraft:glass":42,"minecraft:bow":1,"minecraft:iron_boots":1,"minecraft:chest":4,"minecraft:stone_hoe":1,"minecraft:raw_iron_block":9,"minecraft:smoker":1,"travelersbackpack:iron_tier_upgrade":1,"minecraft:cauldron":4,"minecraft:cooked_porkchop":84,"minecraft:crafting_table":8,"minecraft:iron_helmet":1,"minecraft:wooden_pickaxe":4,"minecraft:baked_potato":138,"travelersbackpack:standard":1,"minecraft:smithing_table":1,"minecraft:fletching_table":1,"minecraft:birch_planks":124,"minecraft:iron_chestplate":2,"minecraft:wooden_hoe":1,"minecraft:diamond_pickaxe":1,"minecraft:charcoal":22,"minecraft:shield":3,"minecraft:stick":312,"minecraft:iron_ingot":262,"minecraft:iron_pickaxe":13,"minecraft:iron_block":3,"minecraft:stone_sword":4,"minecraft:gold_ingot":31,"minecraft:composter":2,"minecraft:raw_iron":108,"minecraft:furnace":10,"minecraft:blast_furnace":1,"minecraft:bone_meal":66,"travelersbackpack:blank_upgrade":4,"travelersbackpack:gold_tier_upgrade":1,"travelersbackpack:white_sleeping_bag":1,"minecraft:iron_axe":2,"minecraft:stone_pickaxe":4,"minecraft:cobblestone_wall":1,"travelersbackpack:diamond_tier_upgrade":1,"minecraft:minecart":1,"minecraft:wheat":313,"minecraft:cooked_beef":63,"minecraft:diamond_sword":1,"travelersbackpack:backpack_tank":4,"minecraft:iron_sword":2,"minecraft:bucket":2,"minecraft:stone_axe":4,"minecraft:bread":78,"minecraft:air":107,"minecraft:polished_tuff_wall":2,"minecraft:iron_leggings":1,"minecraft:stonecutter":1,"minecraft:anvil":1,"minecraft:white_bed":3,"minecraft:torch":297},"minecraft:broken":{"minecraft:stone_sword":1,"minecraft:iron_pickaxe":10,"minecraft:wooden_hoe":1},"minecraft:used":{"minecraft:chest":2,"minecraft:shield":33,"minecraft:iron_sword":267,"minecraft:bell":2,"minecraft:iron_chestplate":5,"minecraft:tuff":83,"minecraft:lava_bucket":11,"minecraft:birch_sapling":31,"minecraft:iron_helmet":2,"minecraft:magma_block":1,"minecraft:bow":2,"minecraft:furnace":24,"minecraft:oak_sapling":1,"minecraft:egg":4,"minecraft:potato":218,"minecraft:diorite":4,"minecraft:stone_pickaxe":280,"minecraft:wooden_pickaxe":49,"minecraft:composter":5,"minecraft:sand":2,"minecraft:blast_furnace":1,"minecraft:polished_tuff":121,"minecraft:deepslate_tiles":1081,"minecraft:bread":108,"minecraft:gravel":3,"minecraft:chiseled_tuff_bricks":18,"minecraft:diamond_sword":45,"minecraft:smithing_table":1,"minecraft:birch_log":2,"minecraft:bone_meal":66,"minecraft:stone_sword":247,"minecraft:polished_tuff_wall":52,"minecraft:stone_hoe":35,"minecraft:torch":274,"minecraft:dirt":197,"minecraft:anvil":1,"minecraft:iron_axe":194,"minecraft:iron_boots":3,"minecraft:minecart":12,"minecraft:cooked_beef":10,"minecraft:cobbled_deepslate":11,"minecraft:iron_leggings":3,"minecraft:pointed_dripstone":12,"minecraft:wheat_seeds":11,"minecraft:cooked_mutton":2,"minecraft:water_bucket":23,"minecraft:birch_planks":6,"minecraft:baked_potato":6,"minecraft:birch_boat":19,"minecraft:cauldron":7,"minecraft:fletching_table":2,"minecraft:stonecutter":2,"minecraft:deepslate_bricks":254,"minecraft:rail":155,"minecraft:crafting_table":21,"minecraft:white_bed":9,"minecraft:smoker":1,"minecraft:oak_log":3,"minecraft:wooden_hoe":59,"minecraft:diamond_pickaxe":229,"minecraft:apple":1,"minecraft:iron_pickaxe":2854,"minecraft:stone_axe":200,"minecraft:cobblestone":274,"travelersbackpack:standard":1,"minecraft:cooked_porkchop":19,"minecraft:bucket":39,"minecraft:yellow_bed":9},"minecraft:picked_up":{"minecraft:iron_chestplate":7,"minecraft:wheat":4,"minecraft:enchanted_book":1,"minecraft:amethyst_block":1,"minecraft:string":21,"minecraft:raw_copper":13,"minecraft:iron_leggings":9,"minecraft:deepslate_tiles":88,"minecraft:cobbled_deepslate":1488,"minecraft:bucket":7,"minecraft:iron_pickaxe":3,"minecraft:iron_boots":8,"minecraft:furnace":23,"minecraft:stick":159,"minecraft:composter":9,"minecraft:torch":76,"minecraft:porkchop":93,"minecraft:pointed_dripstone":117,"minecraft:diorite":18,"minecraft:cauldron":6,"minecraft:rotten_flesh":74,"minecraft:cobblestone":763,"minecraft:birch_log":209,"minecraft:magma_block":2,"minecraft:feather":19,"minecraft:cooked_beef":57,"minecraft:water_bucket":5,"minecraft:andesite":5,"minecraft:brown_wool":1,"minecraft:potato":731,"minecraft:flint":2,"minecraft:tuff":307,"minecraft:dirt":292,"minecraft:lapis_lazuli":175,"minecraft:leather_boots":1,"minecraft:bone":52,"minecraft:stonecutter":1,"minecraft:bow":6,"minecraft:wheat_seeds":52,"minecraft:raw_gold":74,"minecraft:bell":3,"minecraft:fletching_table":2,"minecraft:oak_planks":216,"minecraft:cooked_porkchop":6,"minecraft:sand":44,"minecraft:diamond":56,"minecraft:granite":8,"minecraft:bread":87,"minecraft:emerald":2,"minecraft:oak_sapling":9,"minecraft:diamond_pickaxe":4,"minecraft:charcoal":3,"minecraft:crafting_table":19,"minecraft:polished_tuff_wall":1,"minecraft:chicken":9,"minecraft:chest_minecart":1,"minecraft:wooden_pickaxe":2,"minecraft:shield":4,"minecraft:iron_axe":5,"minecraft:beef":63,"minecraft:minecart":12,"minecraft:birch_sapling":33,"minecraft:egg":7,"minecraft:raw_iron":303,"minecraft:oak_door":1,"minecraft:copper_ingot":2,"minecraft:redstone":142,"minecraft:arrow":55,"minecraft:deepslate_bricks":1,"minecraft:hay_block":58,"minecraft:mutton":43,"minecraft:white_wool":53,"minecraft:rail":194,"minecraft:glow_ink_sac":2,"minecraft:leather":40,"minecraft:birch_planks":135,"minecraft:oak_log":119,"minecraft:yellow_bed":9,"minecraft:gunpowder":11,"minecraft:cobblestone_stairs":1,"minecraft:cooked_mutton":9,"minecraft:apple":34,"minecraft:stone_pickaxe":2,"minecraft:iron_ingot":28,"minecraft:iron_sword":7,"minecraft:pumpkin":2,"minecraft:birch_boat":17,"minecraft:dandelion":16,"minecraft:raw_iron_block":3,"minecraft:dripstone_block":9,"minecraft:gravel":10,"minecraft:lava_bucket":1,"minecraft:amethyst_shard":8,"minecraft:spruce_sapling":2,"minecraft:blast_furnace":1,"minecraft:spruce_log":37,"minecraft:white_bed":8,"minecraft:polished_tuff":80,"minecraft:spider_eye":4,"travelersbackpack:standard":5,"minecraft:stone_axe":2,"minecraft:iron_helmet":8,"minecraft:baked_potato":75,"minecraft:chiseled_tuff_bricks":5,"minecraft:coal":497},"minecraft:killed":{"minecraft:spider":16,"minecraft:skeleton":21,"minecraft:chicken":8,"minecraft:silverfish":13,"minecraft:pig":44,"minecraft:iron_golem":1,"minecraft:creeper":8,"minecraft:sheep":25,"minecraft:zombie":34,"minecraft:glow_squid":1,"minecraft:cow":28,"minecraft:slime":1,"minecraft:horse":4,"minecraft:drowned":1},"minecraft:mined":{"minecraft:large_amethyst_bud":2,"minecraft:white_bed":8,"minecraft:oak_sapling":1,"minecraft:farmland":8,"minecraft:cobblestone_stairs":1,"minecraft:granite":8,"minecraft:budding_amethyst":1,"minecraft:grass_block":70,"minecraft:deepslate_bricks":2,"minecraft:chiseled_tuff_bricks":5,"minecraft:composter":5,"minecraft:magma_block":3,"minecraft:raw_iron_block":3,"minecraft:iron_ore":168,"minecraft:polished_tuff":72,"minecraft:pumpkin":2,"minecraft:fletching_table":1,"minecraft:deepslate_lapis_ore":5,"minecraft:pointed_dripstone":42,"minecraft:water_cauldron":2,"minecraft:dirt_path":28,"minecraft:deepslate_redstone_ore":21,"minecraft:amethyst_cluster":2,"minecraft:torch":5,"minecraft:blast_furnace":1,"minecraft:cobblestone":112,"minecraft:wall_torch":11,"minecraft:amethyst_block":1,"minecraft:cauldron":1,"minecraft:birch_log":166,"minecraft:wheat":8,"minecraft:oak_log":120,"minecraft:sand":47,"minecraft:dirt":104,"minecraft:stonecutter":1,"minecraft:oak_leaves":19,"minecraft:deepslate":1307,"minecraft:deepslate_tiles":74,"minecraft:tuff":253,"minecraft:deepslate_diamond_ore":33,"minecraft:oak_door":1,"minecraft:spruce_leaves":6,"minecraft:sandstone":3,"minecraft:large_fern":5,"minecraft:hay_block":42,"minecraft:furnace":20,"minecraft:andesite":7,"minecraft:bell":3,"minecraft:potatoes":126,"minecraft:deepslate_iron_ore":100,"minecraft:rail":192,"minecraft:stone":469,"minecraft:dandelion":3,"travelersbackpack:standard":5,"minecraft:crafting_table":18,"minecraft:short_grass":85,"minecraft:emerald_ore":2,"minecraft:tall_grass":20,"minecraft:copper_ore":4,"minecraft:lapis_ore":9,"minecraft:deepslate_gold_ore":43,"minecraft:diorite":14,"minecraft:birch_planks":5,"minecraft:spruce_log":37,"minecraft:birch_leaves":7,"minecraft:yellow_bed":9,"minecraft:coal_ore":245,"minecraft:gravel":12,"minecraft:dripstone_block":1,"minecraft:polished_tuff_wall":1,"minecraft:cobweb":8,"minecraft:fern":1}},"DataVersion":3953}