{"stats":{"minecraft:custom":{"minecraft:interact_with_crafting_table":100,"minecraft:bell_ring":7,"minecraft:leave_game":9,"minecraft:time_since_death":230615,"minecraft:sprint_one_cm":1821600,"minecraft:damage_blocked_by_shield":812,"minecraft:drop":585,"minecraft:talked_to_villager":25,"minecraft:play_time":882420,"minecraft:deaths":15,"minecraft:jump":9800,"minecraft:walk_on_water_one_cm":59312,"minecraft:interact_with_furnace":207,"minecraft:sleep_in_bed":32,"minecraft:damage_dealt":37667,"minecraft:player_kills":1,"minecraft:crouch_one_cm":208889,"minecraft:interact_with_smoker":25,"minecraft:use_cauldron":15,"minecraft:interact_with_smithing_table":13,"minecraft:mob_kills":240,"minecraft:interact_with_anvil":4,"minecraft:climb_one_cm":1434,"minecraft:walk_one_cm":1596248,"minecraft:sneak_time":65116,"minecraft:walk_under_water_one_cm":118698,"minecraft:boat_one_cm":52661,"minecraft:interact_with_blast_furnace":19,"minecraft:total_world_time":882420,"minecraft:interact_with_stonecutter":21,"minecraft:time_since_rest":4889,"minecraft:damage_taken":11052,"minecraft:minecart_one_cm":119,"minecraft:swim_one_cm":204727,"minecraft:fly_one_cm":1330522,"minecraft:open_chest":178,"minecraft:fall_one_cm":242329},"minecraft:killed_by":{"minecraft:zombie":4,"minecraft:spider":2,"minecraft:skeleton":1},"minecraft:dropped":{"minecraft:iron_sword":1,"minecraft:cooked_beef":22,"minecraft:dirt":5,"minecraft:mutton":14,"minecraft:iron_pickaxe":1,"minecraft:gravel":5,"minecraft:stone_axe":1,"minecraft:wheat":139,"minecraft:rotten_flesh":10,"minecraft:oak_planks":1,"minecraft:arrow":1,"minecraft:egg":1,"minecraft:wheat_seeds":5,"minecraft:dripstone_block":4,"minecraft:feather":3,"minecraft:apple":7,"minecraft:stick":5,"minecraft:diorite":2,"minecraft:string":1,"minecraft:furnace":1,"minecraft:stone_sword":1,"minecraft:cobblestone_wall":1,"minecraft:chicken":2,"minecraft:potato":387,"minecraft:spider_eye":1,"minecraft:stone_pickaxe":1,"minecraft:wooden_pickaxe":2},"minecraft:crafted":{"minecraft:oak_planks":448,"minecraft:smooth_stone":3,"travelersbackpack:crafting_upgrade":1,"minecraft:birch_boat":2,"minecraft:cooked_chicken":2,"minecraft:birch_slab":18,"minecraft:stone":66,"minecraft:cooked_mutton":17,"minecraft:glass":42,"minecraft:bow":1,"minecraft:iron_boots":1,"minecraft:chest":4,"minecraft:stone_hoe":1,"minecraft:raw_iron_block":9,"minecraft:smoker":1,"travelersbackpack:iron_tier_upgrade":1,"minecraft:cauldron":4,"minecraft:cooked_porkchop":84,"minecraft:crafting_table":8,"minecraft:iron_helmet":1,"minecraft:wooden_pickaxe":4,"minecraft:baked_potato":138,"travelersbackpack:standard":1,"minecraft:smithing_table":2,"minecraft:fletching_table":1,"minecraft:birch_planks":124,"minecraft:iron_chestplate":2,"minecraft:wooden_hoe":1,"minecraft:diamond_pickaxe":1,"minecraft:charcoal":22,"minecraft:shield":3,"minecraft:stick":312,"minecraft:iron_ingot":262,"minecraft:iron_pickaxe":13,"minecraft:iron_block":3,"minecraft:stone_sword":4,"minecraft:gold_ingot":31,"minecraft:composter":2,"minecraft:raw_iron":108,"minecraft:furnace":11,"minecraft:blast_furnace":1,"minecraft:bone_meal":66,"travelersbackpack:blank_upgrade":4,"travelersbackpack:gold_tier_upgrade":1,"travelersbackpack:white_sleeping_bag":1,"minecraft:iron_axe":2,"minecraft:stone_pickaxe":4,"minecraft:cobblestone_wall":1,"travelersbackpack:diamond_tier_upgrade":1,"minecraft:minecart":1,"minecraft:wheat":313,"minecraft:cooked_beef":63,"minecraft:diamond_sword":2,"travelersbackpack:backpack_tank":4,"minecraft:iron_sword":2,"minecraft:bucket":2,"minecraft:stone_axe":4,"minecraft:bread":78,"minecraft:air":107,"minecraft:polished_tuff_wall":2,"minecraft:iron_leggings":1,"minecraft:stonecutter":1,"minecraft:anvil":1,"minecraft:white_bed":3,"minecraft:torch":361},"minecraft:broken":{"minecraft:stone_sword":1,"minecraft:iron_pickaxe":10,"minecraft:wooden_hoe":1},"minecraft:used":{"minecraft:chest":2,"minecraft:shield":33,"minecraft:iron_sword":267,"minecraft:bell":4,"minecraft:iron_chestplate":5,"minecraft:tuff":85,"minecraft:lava_bucket":11,"minecraft:birch_sapling":37,"minecraft:iron_helmet":2,"minecraft:stone_bricks":78,"minecraft:magma_block":1,"minecraft:bow":2,"minecraft:furnace":25,"minecraft:oak_sapling":1,"minecraft:egg":4,"minecraft:potato":228,"minecraft:diorite":4,"minecraft:stone_pickaxe":280,"minecraft:wooden_pickaxe":49,"minecraft:composter":5,"minecraft:sand":2,"minecraft:blast_furnace":3,"minecraft:polished_tuff":121,"minecraft:deepslate_tiles":1620,"minecraft:bread":108,"minecraft:gravel":4,"minecraft:chiseled_tuff_bricks":19,"minecraft:diamond_sword":164,"minecraft:smithing_table":2,"minecraft:birch_log":2,"minecraft:bone_meal":66,"minecraft:stone_sword":247,"minecraft:polished_tuff_wall":52,"minecraft:stone_hoe":35,"minecraft:torch":293,"minecraft:dirt":197,"minecraft:anvil":1,"minecraft:iron_axe":238,"minecraft:iron_boots":3,"minecraft:minecart":21,"minecraft:cooked_beef":10,"minecraft:cobbled_deepslate":48,"minecraft:iron_leggings":3,"minecraft:pointed_dripstone":12,"minecraft:wheat_seeds":11,"minecraft:cooked_mutton":2,"minecraft:water_bucket":24,"minecraft:birch_planks":6,"minecraft:baked_potato":23,"minecraft:birch_boat":26,"minecraft:cauldron":7,"minecraft:fletching_table":3,"minecraft:stonecutter":2,"minecraft:deepslate_bricks":254,"minecraft:rail":216,"minecraft:crafting_table":21,"minecraft:white_bed":9,"minecraft:smoker":1,"minecraft:oak_log":3,"minecraft:wooden_hoe":59,"minecraft:diamond_pickaxe":1489,"minecraft:apple":1,"minecraft:iron_pickaxe":2854,"minecraft:stone_axe":200,"minecraft:cobblestone":618,"travelersbackpack:standard":1,"minecraft:cooked_porkchop":19,"minecraft:bucket":41,"minecraft:yellow_bed":10},"minecraft:picked_up":{"minecraft:iron_chestplate":7,"minecraft:wheat":4,"minecraft:enchanted_book":1,"minecraft:amethyst_block":1,"minecraft:string":21,"minecraft:raw_copper":13,"minecraft:iron_leggings":9,"minecraft:deepslate_tiles":114,"minecraft:cobbled_deepslate":2038,"minecraft:bucket":7,"minecraft:iron_pickaxe":3,"minecraft:iron_boots":8,"minecraft:furnace":23,"minecraft:stick":159,"minecraft:composter":9,"minecraft:torch":95,"minecraft:porkchop":93,"minecraft:pointed_dripstone":117,"minecraft:diorite":26,"minecraft:cauldron":6,"minecraft:rotten_flesh":74,"minecraft:cobblestone":1167,"minecraft:birch_log":248,"minecraft:magma_block":2,"minecraft:feather":19,"minecraft:cooked_beef":57,"minecraft:water_bucket":5,"minecraft:andesite":22,"minecraft:brown_wool":1,"minecraft:potato":747,"minecraft:flint":2,"minecraft:tuff":374,"minecraft:dirt":319,"minecraft:lapis_lazuli":175,"minecraft:leather_boots":1,"minecraft:bone":52,"minecraft:stonecutter":1,"minecraft:bow":6,"minecraft:wheat_seeds":53,"minecraft:raw_gold":81,"minecraft:bell":5,"minecraft:fletching_table":3,"minecraft:oak_planks":216,"minecraft:cooked_porkchop":6,"minecraft:sand":44,"minecraft:diamond":74,"minecraft:granite":33,"minecraft:bread":87,"minecraft:emerald":7,"minecraft:oak_sapling":9,"minecraft:diamond_pickaxe":4,"minecraft:charcoal":3,"minecraft:crafting_table":19,"minecraft:polished_tuff_wall":1,"minecraft:chicken":9,"minecraft:chest_minecart":1,"minecraft:wooden_pickaxe":2,"minecraft:shield":4,"minecraft:iron_axe":5,"minecraft:beef":63,"minecraft:poppy":7,"minecraft:minecart":22,"minecraft:birch_sapling":39,"minecraft:egg":7,"minecraft:raw_iron":303,"minecraft:oak_door":1,"minecraft:copper_ingot":2,"minecraft:redstone":149,"minecraft:arrow":55,"minecraft:deepslate_bricks":1,"minecraft:hay_block":58,"minecraft:mutton":43,"minecraft:white_wool":53,"minecraft:rail":244,"minecraft:glow_ink_sac":2,"minecraft:leather":40,"minecraft:birch_planks":136,"minecraft:oak_log":119,"minecraft:yellow_bed":10,"minecraft:gunpowder":11,"minecraft:cobblestone_stairs":1,"minecraft:cooked_mutton":9,"minecraft:stone_bricks":34,"minecraft:apple":34,"minecraft:stone_pickaxe":2,"minecraft:iron_ingot":60,"minecraft:iron_sword":7,"minecraft:pumpkin":2,"minecraft:birch_boat":26,"minecraft:dandelion":16,"minecraft:raw_iron_block":3,"minecraft:dripstone_block":9,"minecraft:gravel":15,"minecraft:lava_bucket":1,"minecraft:amethyst_shard":8,"minecraft:spruce_sapling":2,"minecraft:blast_furnace":2,"minecraft:spruce_log":37,"minecraft:white_bed":8,"minecraft:polished_tuff":80,"minecraft:spider_eye":4,"travelersbackpack:standard":5,"minecraft:stone_axe":2,"minecraft:iron_helmet":8,"minecraft:baked_potato":75,"minecraft:chiseled_tuff_bricks":6,"minecraft:coal":503},"minecraft:killed":{"minecraft:spider":16,"minecraft:skeleton":21,"minecraft:chicken":8,"minecraft:silverfish":16,"minecraft:pig":44,"minecraft:iron_golem":9,"minecraft:creeper":8,"minecraft:sheep":25,"minecraft:zombie":34,"minecraft:glow_squid":1,"minecraft:cow":28,"minecraft:slime":1,"minecraft:horse":4,"minecraft:drowned":1},"minecraft:mined":{"minecraft:large_amethyst_bud":2,"minecraft:white_bed":8,"minecraft:oak_sapling":1,"minecraft:farmland":8,"minecraft:cobblestone_stairs":1,"minecraft:granite":33,"minecraft:budding_amethyst":1,"minecraft:grass_block":72,"minecraft:deepslate_bricks":2,"minecraft:chiseled_tuff_bricks":6,"minecraft:composter":5,"minecraft:magma_block":3,"minecraft:raw_iron_block":3,"minecraft:iron_ore":168,"minecraft:cobbled_deepslate":19,"minecraft:polished_tuff":72,"minecraft:pumpkin":2,"minecraft:fletching_table":2,"minecraft:deepslate_lapis_ore":5,"minecraft:pointed_dripstone":42,"minecraft:water_cauldron":2,"minecraft:dirt_path":28,"minecraft:deepslate_redstone_ore":22,"minecraft:amethyst_cluster":2,"minecraft:torch":13,"minecraft:blast_furnace":2,"minecraft:cobblestone":265,"minecraft:wall_torch":22,"minecraft:amethyst_block":1,"minecraft:cauldron":1,"minecraft:birch_sapling":1,"minecraft:birch_log":205,"minecraft:wheat":8,"minecraft:oak_log":120,"minecraft:sand":47,"minecraft:dirt":129,"minecraft:stonecutter":1,"minecraft:oak_leaves":19,"minecraft:deepslate":1854,"minecraft:infested_deepslate":2,"minecraft:deepslate_tiles":100,"minecraft:tuff":320,"minecraft:deepslate_diamond_ore":44,"minecraft:oak_door":1,"minecraft:spruce_leaves":6,"minecraft:sandstone":3,"minecraft:large_fern":5,"minecraft:hay_block":42,"minecraft:furnace":20,"minecraft:andesite":26,"minecraft:bell":5,"minecraft:potatoes":128,"minecraft:deepslate_iron_ore":100,"minecraft:rail":238,"minecraft:stone":724,"minecraft:dandelion":3,"travelersbackpack:standard":5,"minecraft:crafting_table":18,"minecraft:short_grass":85,"minecraft:emerald_ore":4,"minecraft:tall_grass":20,"minecraft:copper_ore":4,"minecraft:lapis_ore":9,"minecraft:deepslate_gold_ore":47,"minecraft:diorite":24,"minecraft:birch_planks":6,"minecraft:spruce_log":37,"minecraft:birch_leaves":7,"minecraft:yellow_bed":10,"minecraft:coal_ore":249,"minecraft:gravel":14,"minecraft:dripstone_block":1,"minecraft:polished_tuff_wall":1,"minecraft:cobweb":8,"minecraft:stone_bricks":34,"minecraft:infested_stone":2,"minecraft:fern":1}},"DataVersion":3953}