{"stats":{"minecraft:dropped":{"minecraft:furnace":1,"minecraft:stone_axe":1,"minecraft:wheat_seeds":5,"minecraft:stone_sword":1,"minecraft:chicken":2,"minecraft:feather":3,"minecraft:oak_planks":1,"minecraft:dirt":5,"minecraft:mutton":14,"minecraft:spider_eye":1,"minecraft:stone_pickaxe":1,"minecraft:wooden_pickaxe":2,"minecraft:iron_pickaxe":1,"minecraft:egg":1},"minecraft:used":{"minecraft:stone_sword":120,"minecraft:stone_pickaxe":197,"minecraft:wooden_pickaxe":49,"minecraft:iron_sword":10,"minecraft:torch":68,"minecraft:iron_chestplate":1,"minecraft:sand":2,"minecraft:dirt":38,"minecraft:crafting_table":11,"minecraft:white_bed":1,"minecraft:apple":1,"minecraft:iron_axe":1,"minecraft:iron_pickaxe":154,"minecraft:stone_axe":156,"minecraft:cobblestone":41,"minecraft:furnace":11,"minecraft:cooked_porkchop":19,"minecraft:egg":4,"minecraft:cooked_beef":1},"minecraft:mined":{"minecraft:deepslate_redstone_ore":1,"minecraft:white_bed":1,"minecraft:deepslate_diamond_ore":2,"minecraft:crafting_table":10,"minecraft:short_grass":52,"minecraft:grass_block":20,"minecraft:tall_grass":7,"minecraft:cobblestone":7,"minecraft:spruce_leaves":6,"minecraft:deepslate_gold_ore":5,"minecraft:lapis_ore":2,"minecraft:diorite":1,"minecraft:wall_torch":3,"minecraft:large_fern":4,"minecraft:furnace":9,"minecraft:iron_ore":58,"minecraft:birch_leaves":7,"minecraft:spruce_log":37,"minecraft:andesite":2,"minecraft:pumpkin":2,"minecraft:deepslate_lapis_ore":3,"minecraft:coal_ore":101,"minecraft:pointed_dripstone":13,"minecraft:oak_log":87,"minecraft:sand":2,"minecraft:dirt":34,"minecraft:stone":160,"minecraft:oak_leaves":17,"minecraft:deepslate":16,"minecraft:fern":1},"minecraft:picked_up":{"minecraft:iron_chestplate":1,"minecraft:crafting_table":11,"minecraft:feather":19,"minecraft:chicken":9,"minecraft:brown_wool":1,"minecraft:leather":24,"minecraft:wooden_pickaxe":2,"minecraft:oak_log":86,"minecraft:gunpowder":2,"minecraft:lapis_lazuli":53,"minecraft:string":4,"minecraft:dirt":108,"minecraft:iron_leggings":1,"minecraft:leather_boots":1,"minecraft:cooked_mutton":3,"minecraft:bone":16,"minecraft:apple":1,"minecraft:bow":2,"minecraft:wheat_seeds":7,"minecraft:cobbled_deepslate":16,"minecraft:raw_gold":5,"minecraft:iron_ingot":1,"minecraft:beef":43,"minecraft:stone_pickaxe":2,"minecraft:iron_pickaxe":1,"minecraft:oak_planks":128,"minecraft:furnace":12,"minecraft:egg":7,"minecraft:stick":42,"minecraft:raw_iron":70,"minecraft:cooked_porkchop":6,"minecraft:pumpkin":2,"minecraft:copper_ingot":2,"minecraft:torch":28,"minecraft:dripstone_block":4,"minecraft:porkchop":93,"minecraft:sand":2,"minecraft:spruce_sapling":2,"minecraft:pointed_dripstone":32,"minecraft:diorite":2,"minecraft:white_bed":1,"minecraft:spruce_log":37,"minecraft:redstone":4,"minecraft:spider_eye":1,"minecraft:arrow":17,"minecraft:rotten_flesh":20,"minecraft:diamond":13,"minecraft:stone_axe":2,"minecraft:oak_sapling":1,"minecraft:mutton":35,"minecraft:coal":100,"minecraft:white_wool":39,"minecraft:cobblestone":233},"minecraft:killed_by":{"minecraft:skeleton":1,"minecraft:spider":2,"minecraft:zombie":3},"minecraft:killed":{"minecraft:pig":44,"minecraft:spider":4,"minecraft:creeper":1,"minecraft:skeleton":2,"minecraft:sheep":21,"minecraft:zombie":1,"minecraft:chicken":8,"minecraft:cow":20},"minecraft:crafted":{"minecraft:cooked_beef":34,"minecraft:oak_planks":344,"minecraft:cooked_porkchop":84,"minecraft:crafting_table":4,"minecraft:cooked_chicken":2,"minecraft:wooden_pickaxe":4,"minecraft:iron_sword":1,"minecraft:furnace":5,"minecraft:stone_axe":4,"minecraft:cooked_mutton":9,"minecraft:air":0,"minecraft:shield":2,"minecraft:iron_axe":1,"minecraft:stick":68,"minecraft:iron_ingot":25,"minecraft:iron_pickaxe":2,"minecraft:stone_pickaxe":4,"minecraft:stone_sword":4,"minecraft:white_bed":2,"minecraft:torch":112},"minecraft:custom":{"minecraft:interact_with_furnace":101,"minecraft:mob_kills":101,"minecraft:interact_with_crafting_table":28,"minecraft:leave_game":5,"minecraft:time_since_death":11840,"minecraft:sleep_in_bed":1,"minecraft:time_since_rest":11892,"minecraft:sprint_one_cm":451571,"minecraft:damage_taken":3056,"minecraft:walk_one_cm":316267,"minecraft:drop":26,"minecraft:damage_dealt":10325,"minecraft:player_kills":1,"minecraft:swim_one_cm":19604,"minecraft:fly_one_cm":390247,"minecraft:open_chest":1,"minecraft:play_time":170994,"minecraft:crouch_one_cm":4483,"minecraft:deaths":7,"minecraft:sneak_time":1437,"minecraft:walk_under_water_one_cm":13203,"minecraft:jump":2544,"minecraft:walk_on_water_one_cm":25987,"minecraft:total_world_time":170994,"minecraft:fall_one_cm":77327}},"DataVersion":3953}