{"stats":{"minecraft:custom":{"minecraft:mob_kills":139,"minecraft:interact_with_crafting_table":44,"minecraft:leave_game":6,"minecraft:time_since_death":149258,"minecraft:climb_one_cm":424,"minecraft:sprint_one_cm":663917,"minecraft:walk_one_cm":514663,"minecraft:damage_blocked_by_shield":137,"minecraft:drop":33,"minecraft:talked_to_villager":1,"minecraft:play_time":308412,"minecraft:deaths":7,"minecraft:sneak_time":9657,"minecraft:walk_under_water_one_cm":16057,"minecraft:jump":3871,"minecraft:walk_on_water_one_cm":29244,"minecraft:total_world_time":308412,"minecraft:interact_with_furnace":139,"minecraft:interact_with_stonecutter":2,"minecraft:sleep_in_bed":4,"minecraft:time_since_rest":10640,"minecraft:damage_taken":4801,"minecraft:damage_dealt":15736,"minecraft:swim_one_cm":26417,"minecraft:fly_one_cm":512269,"minecraft:player_kills":1,"minecraft:open_chest":31,"minecraft:crouch_one_cm":44996,"minecraft:fall_one_cm":95817},"minecraft:picked_up":{"minecraft:crafting_table":16,"minecraft:iron_chestplate":1,"minecraft:chicken":9,"minecraft:wooden_pickaxe":2,"minecraft:string":5,"minecraft:iron_leggings":1,"minecraft:cobbled_deepslate":786,"minecraft:beef":43,"minecraft:iron_pickaxe":1,"minecraft:birch_sapling":2,"minecraft:furnace":17,"minecraft:egg":7,"minecraft:stick":54,"minecraft:raw_iron":129,"minecraft:copper_ingot":2,"minecraft:torch":33,"minecraft:porkchop":93,"minecraft:pointed_dripstone":65,"minecraft:diorite":4,"minecraft:redstone":65,"minecraft:arrow":20,"minecraft:rotten_flesh":36,"minecraft:deepslate_bricks":1,"minecraft:hay_block":34,"minecraft:mutton":39,"minecraft:cobblestone":373,"minecraft:white_wool":43,"minecraft:birch_log":12,"minecraft:feather":19,"minecraft:cooked_beef":1,"minecraft:andesite":4,"minecraft:brown_wool":1,"minecraft:leather":25,"minecraft:tuff":109,"minecraft:oak_log":103,"minecraft:gunpowder":4,"minecraft:lapis_lazuli":111,"minecraft:dirt":113,"minecraft:leather_boots":1,"minecraft:cooked_mutton":3,"minecraft:bone":20,"minecraft:apple":8,"minecraft:bow":2,"minecraft:wheat_seeds":7,"minecraft:raw_gold":36,"minecraft:stone_pickaxe":2,"minecraft:iron_ingot":1,"minecraft:oak_planks":128,"minecraft:cooked_porkchop":6,"minecraft:pumpkin":2,"minecraft:dandelion":1,"minecraft:dripstone_block":8,"minecraft:gravel":5,"minecraft:sand":2,"minecraft:spruce_sapling":2,"minecraft:white_bed":1,"minecraft:spruce_log":37,"minecraft:spider_eye":1,"minecraft:diamond":25,"minecraft:stone_axe":2,"minecraft:granite":3,"minecraft:oak_sapling":5,"minecraft:coal":306},"minecraft:used":{"minecraft:stone_sword":247,"minecraft:shield":10,"minecraft:iron_sword":29,"minecraft:iron_chestplate":2,"minecraft:torch":154,"minecraft:dirt":41,"minecraft:iron_axe":1,"minecraft:furnace":18,"minecraft:egg":4,"minecraft:cooked_beef":9,"minecraft:cooked_mutton":2,"minecraft:stone_pickaxe":280,"minecraft:wooden_pickaxe":49,"minecraft:stonecutter":1,"minecraft:deepslate_bricks":254,"minecraft:sand":2,"minecraft:crafting_table":18,"minecraft:white_bed":1,"minecraft:deepslate_tiles":24,"minecraft:apple":1,"minecraft:bread":23,"minecraft:iron_pickaxe":1349,"minecraft:stone_axe":200,"minecraft:cobblestone":133,"minecraft:cooked_porkchop":19},"minecraft:crafted":{"minecraft:oak_planks":412,"minecraft:cooked_chicken":2,"minecraft:furnace":7,"minecraft:stone":3,"minecraft:cooked_mutton":17,"minecraft:iron_boots":1,"minecraft:iron_axe":1,"minecraft:stone_pickaxe":4,"minecraft:wheat":153,"minecraft:cooked_beef":43,"minecraft:cooked_porkchop":84,"minecraft:crafting_table":6,"minecraft:wooden_pickaxe":4,"minecraft:iron_helmet":1,"minecraft:iron_sword":2,"minecraft:stone_axe":4,"minecraft:bread":51,"minecraft:air":0,"minecraft:iron_chestplate":1,"minecraft:charcoal":22,"minecraft:shield":3,"minecraft:stick":96,"minecraft:iron_pickaxe":7,"minecraft:iron_ingot":78,"minecraft:stone_sword":4,"minecraft:iron_leggings":1,"minecraft:stonecutter":1,"minecraft:white_bed":2,"minecraft:torch":212},"minecraft:killed":{"minecraft:spider":6,"minecraft:horse":1,"minecraft:skeleton":4,"minecraft:chicken":8,"minecraft:silverfish":13,"minecraft:drowned":1,"minecraft:pig":44,"minecraft:creeper":3,"minecraft:sheep":25,"minecraft:zombie":13,"minecraft:cow":20},"minecraft:broken":{"minecraft:stone_sword":1,"minecraft:iron_pickaxe":4},"minecraft:dropped":{"minecraft:wheat_seeds":5,"minecraft:cooked_beef":1,"minecraft:dripstone_block":4,"minecraft:feather":3,"minecraft:apple":7,"minecraft:dirt":5,"minecraft:diorite":2,"minecraft:mutton":14,"minecraft:iron_pickaxe":1,"minecraft:gravel":5,"minecraft:furnace":1,"minecraft:stone_axe":1,"minecraft:stone_sword":1,"minecraft:chicken":2,"minecraft:oak_planks":1,"minecraft:spider_eye":1,"minecraft:arrow":1,"minecraft:wooden_pickaxe":2,"minecraft:stone_pickaxe":1,"minecraft:egg":1},"minecraft:killed_by":{"minecraft:spider":2,"minecraft:skeleton":1,"minecraft:zombie":3},"minecraft:mined":{"minecraft:tuff":108,"minecraft:white_bed":1,"minecraft:deepslate_diamond_ore":14,"minecraft:granite":3,"minecraft:grass_block":25,"minecraft:deepslate_bricks":2,"minecraft:spruce_leaves":6,"minecraft:sandstone":3,"minecraft:large_fern":4,"minecraft:hay_block":35,"minecraft:furnace":14,"minecraft:iron_ore":111,"minecraft:andesite":6,"minecraft:pumpkin":2,"minecraft:deepslate_lapis_ore":5,"minecraft:pointed_dripstone":20,"minecraft:deepslate_iron_ore":6,"minecraft:stone":264,"minecraft:deepslate_redstone_ore":19,"minecraft:crafting_table":15,"minecraft:torch":1,"minecraft:short_grass":60,"minecraft:tall_grass":10,"minecraft:cobblestone":38,"minecraft:lapis_ore":9,"minecraft:deepslate_gold_ore":36,"minecraft:diorite":2,"minecraft:wall_torch":6,"minecraft:birch_log":12,"minecraft:spruce_log":37,"minecraft:birch_leaves":7,"minecraft:oak_log":104,"minecraft:coal_ore":200,"minecraft:gravel":5,"minecraft:sand":5,"minecraft:dirt":34,"minecraft:oak_leaves":17,"minecraft:deepslate":784,"minecraft:fern":1}},"DataVersion":3953}