{"stats":{"minecraft:dropped":{"minecraft:furnace":1,"minecraft:stone_axe":1,"minecraft:wheat_seeds":1,"minecraft:stone_sword":1,"minecraft:chicken":1,"minecraft:feather":1,"minecraft:oak_planks":1,"minecraft:dirt":5,"minecraft:mutton":14,"minecraft:spider_eye":1,"minecraft:stone_pickaxe":1,"minecraft:wooden_pickaxe":1,"minecraft:iron_pickaxe":1,"minecraft:egg":1},"minecraft:picked_up":{"minecraft:crafting_table":10,"minecraft:iron_chestplate":1,"minecraft:feather":17,"minecraft:chicken":8,"minecraft:brown_wool":1,"minecraft:leather":21,"minecraft:wooden_pickaxe":2,"minecraft:oak_log":64,"minecraft:gunpowder":2,"minecraft:lapis_lazuli":53,"minecraft:string":4,"minecraft:dirt":99,"minecraft:leather_boots":1,"minecraft:iron_leggings":1,"minecraft:cooked_mutton":3,"minecraft:bone":16,"minecraft:apple":1,"minecraft:bow":2,"minecraft:wheat_seeds":3,"minecraft:cobbled_deepslate":16,"minecraft:raw_gold":5,"minecraft:iron_ingot":1,"minecraft:beef":34,"minecraft:stone_pickaxe":2,"minecraft:iron_pickaxe":1,"minecraft:oak_planks":128,"minecraft:furnace":12,"minecraft:egg":4,"minecraft:stick":40,"minecraft:raw_iron":70,"minecraft:cooked_porkchop":6,"minecraft:pumpkin":2,"minecraft:copper_ingot":2,"minecraft:torch":28,"minecraft:dripstone_block":4,"minecraft:porkchop":93,"minecraft:pointed_dripstone":32,"minecraft:diorite":2,"minecraft:white_bed":1,"minecraft:spruce_log":15,"minecraft:redstone":4,"minecraft:spider_eye":1,"minecraft:arrow":17,"minecraft:rotten_flesh":20,"minecraft:diamond":13,"minecraft:stone_axe":2,"minecraft:oak_sapling":1,"minecraft:mutton":27,"minecraft:coal":100,"minecraft:white_wool":35,"minecraft:cobblestone":205},"minecraft:killed_by":{"minecraft:skeleton":1,"minecraft:spider":1,"minecraft:zombie":2},"minecraft:mined":{"minecraft:deepslate_redstone_ore":1,"minecraft:white_bed":1,"minecraft:deepslate_diamond_ore":2,"minecraft:crafting_table":9,"minecraft:short_grass":21,"minecraft:grass_block":16,"minecraft:tall_grass":6,"minecraft:cobblestone":7,"minecraft:spruce_leaves":6,"minecraft:lapis_ore":2,"minecraft:deepslate_gold_ore":5,"minecraft:diorite":1,"minecraft:wall_torch":3,"minecraft:large_fern":4,"minecraft:furnace":9,"minecraft:iron_ore":58,"minecraft:spruce_log":15,"minecraft:andesite":2,"minecraft:pumpkin":2,"minecraft:deepslate_lapis_ore":3,"minecraft:oak_log":65,"minecraft:pointed_dripstone":13,"minecraft:coal_ore":101,"minecraft:dirt":29,"minecraft:stone":132,"minecraft:oak_leaves":15,"minecraft:deepslate":16,"minecraft:fern":1},"minecraft:killed":{"minecraft:pig":44,"minecraft:spider":4,"minecraft:creeper":1,"minecraft:sheep":17,"minecraft:skeleton":2,"minecraft:zombie":1,"minecraft:chicken":7,"minecraft:cow":15},"minecraft:custom":{"minecraft:interact_with_furnace":101,"minecraft:mob_kills":91,"minecraft:interact_with_crafting_table":24,"minecraft:leave_game":4,"minecraft:time_since_death":551,"minecraft:sleep_in_bed":1,"minecraft:time_since_rest":582,"minecraft:sprint_one_cm":364284,"minecraft:damage_taken":2571,"minecraft:walk_one_cm":241595,"minecraft:drop":18,"minecraft:damage_dealt":9420,"minecraft:player_kills":1,"minecraft:swim_one_cm":15887,"minecraft:fly_one_cm":312020,"minecraft:open_chest":1,"minecraft:crouch_one_cm":4167,"minecraft:play_time":125055,"minecraft:deaths":5,"minecraft:sneak_time":1370,"minecraft:walk_under_water_one_cm":8817,"minecraft:jump":1994,"minecraft:walk_on_water_one_cm":21418,"minecraft:total_world_time":125055,"minecraft:fall_one_cm":60811},"minecraft:used":{"minecraft:stone_sword":116,"minecraft:stone_pickaxe":172,"minecraft:wooden_pickaxe":46,"minecraft:iron_sword":10,"minecraft:iron_chestplate":1,"minecraft:torch":68,"minecraft:dirt":32,"minecraft:crafting_table":9,"minecraft:white_bed":1,"minecraft:apple":1,"minecraft:iron_axe":1,"minecraft:iron_pickaxe":154,"minecraft:stone_axe":118,"minecraft:cobblestone":41,"minecraft:furnace":11,"minecraft:cooked_porkchop":19,"minecraft:egg":1,"minecraft:cooked_beef":1},"minecraft:crafted":{"minecraft:cooked_beef":34,"minecraft:oak_planks":256,"minecraft:cooked_porkchop":84,"minecraft:crafting_table":3,"minecraft:cooked_chicken":2,"minecraft:wooden_pickaxe":3,"minecraft:iron_sword":1,"minecraft:furnace":5,"minecraft:stone_axe":3,"minecraft:cooked_mutton":9,"minecraft:air":0,"minecraft:shield":2,"minecraft:iron_axe":1,"minecraft:stick":60,"minecraft:iron_ingot":25,"minecraft:iron_pickaxe":2,"minecraft:stone_pickaxe":3,"minecraft:stone_sword":3,"minecraft:white_bed":2,"minecraft:torch":112}},"DataVersion":3953}