{"stats":{"minecraft:dropped":{"minecraft:furnace":1,"minecraft:stone_axe":1,"minecraft:wheat_seeds":5,"minecraft:stone_sword":1,"minecraft:chicken":2,"minecraft:feather":3,"minecraft:oak_planks":1,"minecraft:dirt":5,"minecraft:mutton":14,"minecraft:spider_eye":1,"minecraft:stone_pickaxe":1,"minecraft:wooden_pickaxe":2,"minecraft:iron_pickaxe":1,"minecraft:egg":1},"minecraft:used":{"minecraft:cooked_mutton":2,"minecraft:stone_sword":167,"minecraft:stone_pickaxe":279,"minecraft:wooden_pickaxe":49,"minecraft:iron_sword":10,"minecraft:torch":85,"minecraft:iron_chestplate":1,"minecraft:sand":2,"minecraft:dirt":40,"minecraft:crafting_table":11,"minecraft:white_bed":1,"minecraft:apple":1,"minecraft:iron_axe":1,"minecraft:iron_pickaxe":154,"minecraft:stone_axe":191,"minecraft:cobblestone":48,"minecraft:furnace":13,"minecraft:cooked_porkchop":19,"minecraft:egg":4,"minecraft:cooked_beef":7},"minecraft:mined":{"minecraft:deepslate_redstone_ore":1,"minecraft:white_bed":1,"minecraft:deepslate_diamond_ore":2,"minecraft:crafting_table":11,"minecraft:short_grass":59,"minecraft:grass_block":24,"minecraft:tall_grass":9,"minecraft:cobblestone":12,"minecraft:spruce_leaves":6,"minecraft:deepslate_gold_ore":5,"minecraft:lapis_ore":2,"minecraft:diorite":1,"minecraft:wall_torch":3,"minecraft:large_fern":4,"minecraft:hay_block":35,"minecraft:furnace":11,"minecraft:birch_log":12,"minecraft:iron_ore":71,"minecraft:birch_leaves":7,"minecraft:spruce_log":37,"minecraft:andesite":2,"minecraft:pumpkin":2,"minecraft:deepslate_lapis_ore":3,"minecraft:coal_ore":137,"minecraft:pointed_dripstone":13,"minecraft:oak_log":104,"minecraft:sand":2,"minecraft:dirt":34,"minecraft:stone":182,"minecraft:oak_leaves":17,"minecraft:deepslate":16,"minecraft:fern":1},"minecraft:picked_up":{"minecraft:birch_log":12,"minecraft:iron_chestplate":1,"minecraft:crafting_table":12,"minecraft:feather":19,"minecraft:chicken":9,"minecraft:brown_wool":1,"minecraft:leather":24,"minecraft:wooden_pickaxe":2,"minecraft:oak_log":103,"minecraft:gunpowder":4,"minecraft:lapis_lazuli":53,"minecraft:string":5,"minecraft:dirt":112,"minecraft:iron_leggings":1,"minecraft:leather_boots":1,"minecraft:cooked_mutton":3,"minecraft:bone":17,"minecraft:apple":1,"minecraft:bow":2,"minecraft:wheat_seeds":7,"minecraft:cobbled_deepslate":16,"minecraft:raw_gold":5,"minecraft:iron_ingot":1,"minecraft:beef":43,"minecraft:stone_pickaxe":2,"minecraft:iron_pickaxe":1,"minecraft:birch_sapling":2,"minecraft:oak_planks":128,"minecraft:furnace":14,"minecraft:egg":7,"minecraft:stick":54,"minecraft:raw_iron":83,"minecraft:cooked_porkchop":6,"minecraft:pumpkin":2,"minecraft:copper_ingot":2,"minecraft:torch":28,"minecraft:dandelion":1,"minecraft:dripstone_block":4,"minecraft:porkchop":93,"minecraft:sand":2,"minecraft:spruce_sapling":2,"minecraft:pointed_dripstone":32,"minecraft:diorite":2,"minecraft:white_bed":1,"minecraft:spruce_log":37,"minecraft:redstone":4,"minecraft:spider_eye":1,"minecraft:arrow":19,"minecraft:rotten_flesh":26,"minecraft:diamond":13,"minecraft:stone_axe":2,"minecraft:hay_block":34,"minecraft:oak_sapling":5,"minecraft:mutton":39,"minecraft:coal":136,"minecraft:white_wool":43,"minecraft:cobblestone":259},"minecraft:killed_by":{"minecraft:skeleton":1,"minecraft:spider":2,"minecraft:zombie":3},"minecraft:killed":{"minecraft:pig":44,"minecraft:spider":6,"minecraft:creeper":2,"minecraft:skeleton":2,"minecraft:sheep":25,"minecraft:zombie":4,"minecraft:chicken":8,"minecraft:drowned":1,"minecraft:cow":20},"minecraft:crafted":{"minecraft:cooked_beef":43,"minecraft:oak_planks":412,"minecraft:cooked_porkchop":84,"minecraft:crafting_table":4,"minecraft:cooked_chicken":2,"minecraft:wooden_pickaxe":4,"minecraft:iron_sword":1,"minecraft:furnace":7,"minecraft:stone_axe":4,"minecraft:cooked_mutton":17,"minecraft:air":0,"minecraft:charcoal":22,"minecraft:shield":2,"minecraft:iron_axe":1,"minecraft:stick":76,"minecraft:iron_ingot":25,"minecraft:iron_pickaxe":2,"minecraft:stone_pickaxe":4,"minecraft:stone_sword":4,"minecraft:white_bed":2,"minecraft:torch":176},"minecraft:custom":{"minecraft:interact_with_furnace":117,"minecraft:mob_kills":112,"minecraft:interact_with_crafting_table":28,"minecraft:leave_game":5,"minecraft:time_since_death":35840,"minecraft:sleep_in_bed":3,"minecraft:climb_one_cm":424,"minecraft:time_since_rest":788,"minecraft:sprint_one_cm":534783,"minecraft:damage_taken":3631,"minecraft:walk_one_cm":370688,"minecraft:drop":26,"minecraft:damage_dealt":11932,"minecraft:talked_to_villager":1,"minecraft:player_kills":1,"minecraft:swim_one_cm":22782,"minecraft:fly_one_cm":444594,"minecraft:open_chest":12,"minecraft:play_time":194994,"minecraft:crouch_one_cm":7817,"minecraft:deaths":7,"minecraft:sneak_time":2525,"minecraft:walk_under_water_one_cm":13690,"minecraft:jump":2985,"minecraft:walk_on_water_one_cm":27550,"minecraft:total_world_time":194994,"minecraft:fall_one_cm":84060}},"DataVersion":3953}