{"stats":{"minecraft:killed_by":{"minecraft:piglin":3,"minecraft:zombie":4,"minecraft:spider":2,"minecraft:skeleton":1},"minecraft:crafted":{"minecraft:oak_planks":1591,"minecraft:smooth_stone":3,"minecraft:chainmail_helmet":15,"travelersbackpack:crafting_upgrade":1,"minecraft:cooked_chicken":2,"minecraft:birch_boat":2,"minecraft:birch_slab":19,"minecraft:stone":721,"minecraft:lever":14,"minecraft:bookshelf":2,"minecraft:cooked_mutton":17,"minecraft:cake":7,"minecraft:glass":42,"minecraft:stone_brick_slab":12,"minecraft:diamond_helmet":2,"minecraft:bow":4,"minecraft:diamond_leggings":2,"minecraft:iron_boots":11,"minecraft:chest":6,"minecraft:chiseled_tuff":1,"minecraft:stone_hoe":1,"minecraft:raw_iron_block":9,"minecraft:smoker":1,"travelersbackpack:iron_tier_upgrade":1,"minecraft:emerald":425,"minecraft:arrow":16,"minecraft:cauldron":4,"minecraft:cooked_porkchop":84,"minecraft:diamond_axe":2,"minecraft:crafting_table":8,"travelersbackpack:standard":1,"minecraft:baked_potato":231,"minecraft:wooden_pickaxe":4,"minecraft:iron_helmet":12,"minecraft:smithing_table":2,"minecraft:fletching_table":1,"minecraft:birch_planks":2916,"minecraft:apple":64,"minecraft:lectern":1,"minecraft:diamond_pickaxe":2,"minecraft:iron_chestplate":2,"minecraft:book":3,"minecraft:wooden_hoe":1,"minecraft:paper":9,"minecraft:charcoal":22,"minecraft:shield":11,"minecraft:stick":11279,"minecraft:iron_ingot":278,"minecraft:iron_pickaxe":14,"minecraft:iron_block":3,"minecraft:stone_sword":4,"minecraft:gold_ingot":31,"minecraft:composter":2,"minecraft:chiseled_tuff_bricks":2,"minecraft:shears":1,"minecraft:cookie":18,"minecraft:raw_iron":108,"minecraft:diamond_hoe":1,"minecraft:furnace":13,"minecraft:blast_furnace":1,"minecraft:piston":14,"minecraft:bone_meal":75,"travelersbackpack:blank_upgrade":4,"travelersbackpack:gold_tier_upgrade":1,"minecraft:oak_trapdoor":7,"travelersbackpack:white_sleeping_bag":1,"minecraft:iron_axe":5,"minecraft:ladder":18,"minecraft:stone_pickaxe":14,"minecraft:cobblestone_wall":1,"minecraft:diamond_boots":2,"minecraft:chainmail_leggings":12,"travelersbackpack:diamond_tier_upgrade":1,"minecraft:minecart":2,"minecraft:wheat":313,"minecraft:cooked_beef":63,"minecraft:diamond_sword":2,"travelersbackpack:backpack_tank":4,"minecraft:iron_sword":2,"minecraft:bucket":3,"minecraft:stone_axe":4,"minecraft:enchanted_book":3,"minecraft:air":2980,"minecraft:bread":78,"minecraft:oak_boat":1,"minecraft:polished_tuff_wall":5,"minecraft:iron_shovel":1,"minecraft:iron_leggings":1,"minecraft:stonecutter":1,"minecraft:anvil":1,"minecraft:white_bed":21,"minecraft:torch":407,"minecraft:diamond_chestplate":2},"minecraft:killed":{"minecraft:spider":29,"minecraft:skeleton":42,"minecraft:chicken":8,"minecraft:silverfish":16,"minecraft:piglin_brute":3,"minecraft:piglin":11,"minecraft:pig":44,"minecraft:zombie_villager":1,"minecraft:iron_golem":51,"minecraft:creeper":19,"minecraft:sheep":25,"minecraft:zombie":53,"minecraft:ghast":2,"minecraft:glow_squid":1,"minecraft:cow":33,"minecraft:slime":1,"minecraft:horse":5,"minecraft:drowned":1,"minecraft:enderman":1},"minecraft:picked_up":{"minecraft:iron_chestplate":8,"minecraft:wheat":4,"minecraft:diamond_sword":4,"minecraft:enchanted_book":1,"minecraft:golden_sword":1,"minecraft:amethyst_block":1,"minecraft:polished_blackstone_brick_stairs":1,"minecraft:string":37,"minecraft:raw_copper":13,"minecraft:iron_leggings":10,"minecraft:deepslate_tiles":211,"minecraft:diamond_leggings":2,"minecraft:gold_nugget":42,"minecraft:cobbled_deepslate":4103,"minecraft:bucket":8,"minecraft:netherite_upgrade_smithing_template":2,"minecraft:iron_pickaxe":4,"minecraft:iron_boots":9,"minecraft:furnace":28,"minecraft:golden_helmet":1,"minecraft:stick":422,"minecraft:composter":9,"minecraft:torch":321,"minecraft:porkchop":93,"minecraft:pointed_dripstone":117,"minecraft:diorite":36,"minecraft:golden_chestplate":1,"minecraft:cauldron":8,"minecraft:rotten_flesh":92,"minecraft:obsidian":22,"minecraft:cobblestone":1926,"minecraft:birch_log":1195,"minecraft:magma_block":2,"minecraft:feather":19,"minecraft:cooked_beef":57,"minecraft:birch_slab":8,"minecraft:water_bucket":8,"minecraft:andesite":39,"minecraft:brown_wool":1,"minecraft:smoker":1,"minecraft:potato":2279,"minecraft:flint":2,"minecraft:tuff":584,"minecraft:lapis_lazuli":234,"minecraft:dirt":654,"minecraft:leather_boots":1,"minecraft:bone":75,"minecraft:stonecutter":5,"minecraft:bow":9,"minecraft:wheat_seeds":58,"minecraft:raw_gold":102,"minecraft:bell":7,"minecraft:fletching_table":4,"minecraft:diamond_helmet":1,"minecraft:oak_planks":335,"minecraft:cooked_porkchop":6,"minecraft:poisonous_potato":5,"minecraft:sand":44,"minecraft:grass_block":1,"minecraft:snout_armor_trim_smithing_template":2,"minecraft:diamond":87,"minecraft:lever":4,"minecraft:cracked_polished_blackstone_bricks":14,"minecraft:granite":58,"minecraft:emerald":28,"minecraft:chainmail_helmet":4,"minecraft:bread":110,"minecraft:oak_sapling":163,"minecraft:netherrack":401,"minecraft:diamond_pickaxe":10,"minecraft:charcoal":3,"minecraft:crafting_table":19,"minecraft:ladder":2,"minecraft:polished_tuff_wall":20,"minecraft:chicken":9,"minecraft:nether_wart":8,"minecraft:chest_minecart":1,"minecraft:brown_mushroom":7,"minecraft:wooden_pickaxe":2,"minecraft:gold_block":2,"minecraft:shield":6,"minecraft:oak_trapdoor":29,"minecraft:iron_axe":6,"minecraft:iron_shovel":3,"minecraft:blackstone":6,"minecraft:beef":77,"minecraft:oak_boat":7,"minecraft:poppy":59,"minecraft:light_gray_wool":8,"minecraft:minecart":59,"minecraft:lectern":9,"minecraft:sugar_cane":49,"minecraft:chest":2,"minecraft:birch_sapling":237,"minecraft:diamond_hoe":1,"minecraft:piston":3,"minecraft:egg":8,"minecraft:dark_oak_sapling":2,"minecraft:raw_iron":331,"minecraft:oak_door":1,"minecraft:copper_ingot":2,"minecraft:polished_blackstone_bricks":14,"minecraft:cookie":36,"minecraft:redstone":234,"minecraft:arrow":143,"minecraft:diamond_chestplate":4,"minecraft:deepslate_bricks":1,"minecraft:shears":1,"minecraft:diamond_boots":4,"minecraft:hay_block":58,"minecraft:mutton":43,"minecraft:rail":411,"minecraft:white_wool":140,"minecraft:basalt":1,"minecraft:glow_ink_sac":2,"minecraft:leather":61,"minecraft:birch_planks":203,"minecraft:oak_log":449,"minecraft:yellow_bed":10,"minecraft:nether_wart_block":1,"minecraft:gunpowder":28,"minecraft:cobblestone_stairs":1,"minecraft:cooked_mutton":9,"minecraft:apple":50,"minecraft:stone_bricks":609,"minecraft:iron_ingot":291,"minecraft:stone_pickaxe":3,"minecraft:iron_sword":7,"minecraft:soul_sand":19,"minecraft:book":5,"minecraft:birch_boat":62,"minecraft:pumpkin":18,"minecraft:stone_brick_slab":101,"minecraft:quartz":254,"minecraft:dandelion":17,"minecraft:raw_iron_block":3,"minecraft:dripstone_block":9,"minecraft:gravel":19,"minecraft:lava_bucket":2,"minecraft:amethyst_shard":8,"minecraft:spruce_sapling":2,"minecraft:blast_furnace":7,"minecraft:white_bed":25,"minecraft:spruce_log":38,"minecraft:spider_eye":9,"minecraft:polished_tuff":86,"travelersbackpack:standard":9,"minecraft:stone_axe":2,"minecraft:chainmail_leggings":9,"minecraft:iron_helmet":14,"minecraft:diamond_axe":1,"minecraft:lodestone":2,"minecraft:baked_potato":294,"minecraft:chiseled_tuff_bricks":8,"minecraft:coal":541,"minecraft:ender_pearl":1},"minecraft:custom":{"minecraft:interact_with_crafting_table":134,"minecraft:bell_ring":9,"minecraft:eat_cake_slice":40,"minecraft:leave_game":15,"minecraft:time_since_death":18714,"minecraft:sprint_one_cm":3793932,"minecraft:damage_blocked_by_shield":2318,"minecraft:drop":733,"minecraft:talked_to_villager":302,"minecraft:play_time":1702540,"minecraft:deaths":24,"minecraft:jump":17876,"minecraft:walk_on_water_one_cm":83562,"minecraft:interact_with_furnace":305,"minecraft:traded_with_villager":529,"minecraft:sleep_in_bed":83,"minecraft:damage_dealt":90529,"minecraft:player_kills":1,"minecraft:crouch_one_cm":491435,"minecraft:interact_with_smoker":38,"minecraft:use_cauldron":29,"minecraft:interact_with_smithing_table":21,"minecraft:interact_with_anvil":7,"minecraft:mob_kills":375,"minecraft:fill_cauldron":3,"minecraft:climb_one_cm":40212,"minecraft:walk_one_cm":3524231,"minecraft:sneak_time":152402,"minecraft:walk_under_water_one_cm":255073,"minecraft:boat_one_cm":123141,"minecraft:interact_with_blast_furnace":41,"minecraft:total_world_time":1702540,"minecraft:interact_with_stonecutter":44,"minecraft:time_since_rest":19261,"minecraft:damage_taken":22424,"minecraft:minecart_one_cm":119,"minecraft:swim_one_cm":386304,"minecraft:fly_one_cm":2607528,"minecraft:open_chest":385,"minecraft:fall_one_cm":427432},"minecraft:dropped":{"minecraft:iron_sword":2,"minecraft:birch_planks":1,"minecraft:cooked_beef":22,"minecraft:baked_potato":1,"minecraft:dirt":5,"minecraft:mutton":14,"minecraft:iron_pickaxe":1,"minecraft:gravel":5,"minecraft:stone_axe":1,"minecraft:wheat":139,"minecraft:birch_sapling":1,"minecraft:rotten_flesh":10,"minecraft:oak_planks":2,"minecraft:poppy":4,"minecraft:arrow":1,"minecraft:egg":2,"minecraft:bread":19,"minecraft:stone_hoe":1,"minecraft:water_bucket":1,"minecraft:wheat_seeds":8,"minecraft:dripstone_block":4,"minecraft:poisonous_potato":1,"minecraft:feather":3,"minecraft:iron_helmet":14,"minecraft:apple":7,"minecraft:chainmail_helmet":18,"minecraft:stick":26,"minecraft:diorite":4,"minecraft:torch":3,"minecraft:iron_leggings":1,"minecraft:iron_axe":1,"minecraft:iron_shovel":1,"minecraft:chainmail_leggings":20,"minecraft:string":1,"minecraft:furnace":1,"minecraft:stone_sword":1,"minecraft:cobblestone_wall":1,"minecraft:chicken":2,"minecraft:iron_boots":10,"minecraft:potato":662,"minecraft:shield":8,"minecraft:diamond_pickaxe":2,"minecraft:iron_chestplate":1,"minecraft:spider_eye":1,"minecraft:stone_bricks":2,"minecraft:stone_pickaxe":12,"minecraft:wooden_pickaxe":2},"minecraft:broken":{"minecraft:diamond_helmet":1,"minecraft:stone_sword":1,"minecraft:iron_axe":3,"minecraft:iron_pickaxe":10,"minecraft:wooden_hoe":1},"minecraft:used":{"minecraft:iron_shovel":214,"minecraft:chiseled_tuff":1,"minecraft:ladder":16,"minecraft:diamond_hoe":256,"minecraft:chest":6,"minecraft:shield":54,"minecraft:iron_sword":267,"minecraft:stone":3,"minecraft:bell":5,"minecraft:iron_chestplate":5,"minecraft:tuff":105,"minecraft:obsidian":14,"minecraft:lava_bucket":13,"minecraft:grass_block":1,"minecraft:birch_sapling":234,"minecraft:iron_helmet":3,"minecraft:stone_bricks":1175,"minecraft:magma_block":2,"minecraft:bow":79,"minecraft:oak_sapling":28,"minecraft:furnace":32,"minecraft:egg":4,"minecraft:potato":689,"minecraft:dark_oak_sapling":1,"minecraft:diorite":4,"minecraft:diamond_boots":2,"minecraft:oak_planks":1,"minecraft:stone_pickaxe":280,"minecraft:blackstone":6,"minecraft:wooden_pickaxe":49,"minecraft:composter":6,"minecraft:diamond_axe":825,"minecraft:cookie":6,"minecraft:sand":2,"minecraft:blast_furnace":7,"minecraft:polished_tuff":121,"minecraft:deepslate_tiles":4028,"minecraft:lever":18,"minecraft:birch_slab":8,"minecraft:bread":112,"minecraft:lectern":10,"minecraft:gravel":4,"minecraft:chiseled_tuff_bricks":22,"minecraft:diamond_sword":961,"minecraft:smithing_table":2,"minecraft:birch_log":7,"minecraft:oak_boat":6,"minecraft:bone_meal":75,"minecraft:oak_trapdoor":43,"minecraft:stone_sword":247,"minecraft:flint_and_steel":1,"minecraft:redstone":76,"minecraft:polished_tuff_wall":71,"minecraft:stone_hoe":35,"minecraft:netherrack":207,"minecraft:torch":414,"minecraft:dirt":547,"minecraft:anvil":1,"minecraft:diamond_helmet":1,"minecraft:stone_brick_slab":78,"minecraft:bookshelf":1,"minecraft:iron_axe":1028,"minecraft:polished_blackstone_brick_stairs":1,"minecraft:iron_boots":3,"minecraft:diamond_chestplate":4,"minecraft:minecart":56,"minecraft:cooked_beef":30,"minecraft:cobbled_deepslate":69,"minecraft:pointed_dripstone":12,"minecraft:iron_leggings":3,"minecraft:wheat_seeds":24,"minecraft:cooked_mutton":2,"minecraft:water_bucket":47,"minecraft:birch_planks":41,"minecraft:baked_potato":194,"minecraft:birch_boat":60,"minecraft:cauldron":9,"minecraft:fletching_table":4,"minecraft:stonecutter":6,"minecraft:deepslate_bricks":254,"minecraft:rail":273,"minecraft:crafting_table":21,"minecraft:white_bed":36,"minecraft:spruce_log":1,"minecraft:cake":7,"minecraft:smoker":2,"minecraft:oak_log":3,"minecraft:piston":17,"minecraft:wooden_hoe":59,"minecraft:diamond_pickaxe":5905,"minecraft:apple":5,"minecraft:cracked_polished_blackstone_bricks":3,"minecraft:iron_pickaxe":2976,"minecraft:stone_axe":200,"minecraft:cobblestone":772,"travelersbackpack:standard":2,"minecraft:cooked_porkchop":19,"minecraft:bucket":78,"minecraft:yellow_bed":10,"minecraft:chainmail_leggings":1},"minecraft:mined":{"minecraft:large_amethyst_bud":2,"minecraft:oak_sapling":5,"minecraft:white_bed":20,"minecraft:farmland":87,"minecraft:cobblestone_stairs":1,"minecraft:obsidian":22,"minecraft:granite":33,"minecraft:budding_amethyst":1,"minecraft:grass_block":75,"minecraft:cracked_polished_blackstone_bricks":14,"minecraft:deepslate_bricks":2,"minecraft:chiseled_tuff_bricks":8,"minecraft:composter":5,"minecraft:nether_wart":3,"minecraft:polished_blackstone_bricks":14,"minecraft:raw_iron_block":3,"minecraft:magma_block":3,"minecraft:iron_ore":170,"minecraft:cobbled_deepslate":42,"minecraft:fire":6,"minecraft:polished_tuff":81,"minecraft:pumpkin":18,"minecraft:deepslate_lapis_ore":5,"minecraft:fletching_table":3,"minecraft:pointed_dripstone":42,"minecraft:water_cauldron":2,"minecraft:dirt_path":28,"minecraft:green_carpet":2,"minecraft:deepslate_redstone_ore":30,"minecraft:brown_mushroom":7,"minecraft:blackstone":6,"minecraft:smoker":1,"minecraft:crimson_nylium":7,"minecraft:soul_fire":4,"minecraft:amethyst_cluster":2,"minecraft:torch":29,"minecraft:blast_furnace":6,"minecraft:chest":2,"minecraft:nether_quartz_ore":109,"minecraft:cobblestone":435,"minecraft:oak_planks":1,"minecraft:sugar_cane":10,"minecraft:wall_torch":32,"minecraft:amethyst_block":1,"minecraft:cauldron":3,"minecraft:birch_sapling":22,"minecraft:nether_wart_block":1,"minecraft:birch_log":1163,"minecraft:wheat":8,"minecraft:oak_log":464,"minecraft:dark_oak_sapling":1,"minecraft:sand":47,"minecraft:dirt":301,"minecraft:stonecutter":5,"minecraft:netherrack":408,"minecraft:piston":3,"minecraft:oak_leaves":62,"minecraft:deepslate":3771,"minecraft:infested_deepslate":2,"minecraft:nether_gold_ore":6,"minecraft:deepslate_tiles":190,"minecraft:tuff":420,"minecraft:deepslate_diamond_ore":51,"minecraft:oak_door":1,"minecraft:lever":2,"minecraft:redstone_wire":34,"minecraft:birch_slab":7,"minecraft:spruce_leaves":11,"minecraft:red_mushroom":1,"minecraft:sandstone":3,"minecraft:large_fern":5,"minecraft:hay_block":42,"minecraft:oak_trapdoor":29,"minecraft:furnace":25,"minecraft:andesite":26,"minecraft:gold_block":2,"minecraft:bell":6,"minecraft:bookshelf":1,"minecraft:potatoes":486,"minecraft:deepslate_iron_ore":110,"minecraft:rail":290,"minecraft:stone":1291,"minecraft:soul_sand":19,"minecraft:basalt":1,"minecraft:stone_brick_slab":22,"minecraft:dandelion":4,"travelersbackpack:standard":9,"minecraft:crafting_table":18,"minecraft:short_grass":108,"minecraft:emerald_ore":4,"minecraft:lectern":9,"minecraft:copper_ore":4,"minecraft:tall_grass":27,"minecraft:lapis_ore":13,"minecraft:deepslate_gold_ore":54,"minecraft:polished_blackstone_brick_stairs":1,"minecraft:diorite":26,"minecraft:birch_planks":40,"minecraft:spruce_log":80,"minecraft:birch_leaves":9,"minecraft:yellow_bed":10,"minecraft:coal_ore":255,"minecraft:gravel":14,"minecraft:dripstone_block":3,"minecraft:polished_tuff_wall":17,"minecraft:cobweb":8,"minecraft:stone_bricks":549,"minecraft:fern":1,"minecraft:infested_stone":2}},"DataVersion":3953}