{"stats":{"minecraft:custom":{"minecraft:interact_with_smithing_table":10,"minecraft:interact_with_anvil":4,"minecraft:mob_kills":227,"minecraft:interact_with_crafting_table":93,"minecraft:bell_ring":5,"minecraft:leave_game":7,"minecraft:time_since_death":14321,"minecraft:climb_one_cm":1434,"minecraft:sprint_one_cm":1508127,"minecraft:walk_one_cm":1260483,"minecraft:damage_blocked_by_shield":812,"minecraft:drop":113,"minecraft:talked_to_villager":9,"minecraft:play_time":630926,"minecraft:sneak_time":40645,"minecraft:deaths":13,"minecraft:walk_under_water_one_cm":92315,"minecraft:boat_one_cm":21005,"minecraft:jump":8052,"minecraft:interact_with_blast_furnace":14,"minecraft:walk_on_water_one_cm":56321,"minecraft:total_world_time":630926,"minecraft:interact_with_furnace":192,"minecraft:interact_with_stonecutter":14,"minecraft:sleep_in_bed":14,"minecraft:time_since_rest":5935,"minecraft:damage_taken":9720,"minecraft:minecart_one_cm":58,"minecraft:damage_dealt":28864,"minecraft:player_kills":1,"minecraft:swim_one_cm":175607,"minecraft:fly_one_cm":1082714,"minecraft:open_chest":141,"minecraft:crouch_one_cm":151893,"minecraft:interact_with_smoker":3,"minecraft:fall_one_cm":205795,"minecraft:use_cauldron":10},"minecraft:killed_by":{"minecraft:spider":2,"minecraft:skeleton":1,"minecraft:zombie":4},"minecraft:dropped":{"minecraft:iron_sword":1,"minecraft:wheat_seeds":5,"minecraft:cooked_beef":1,"minecraft:dripstone_block":4,"minecraft:feather":3,"minecraft:apple":7,"minecraft:stick":5,"minecraft:dirt":5,"minecraft:diorite":2,"minecraft:mutton":14,"minecraft:iron_pickaxe":1,"minecraft:string":1,"minecraft:gravel":5,"minecraft:furnace":1,"minecraft:stone_axe":1,"minecraft:stone_sword":1,"minecraft:wheat":76,"minecraft:chicken":2,"minecraft:rotten_flesh":10,"minecraft:oak_planks":1,"minecraft:spider_eye":1,"minecraft:arrow":1,"minecraft:stone_pickaxe":1,"minecraft:wooden_pickaxe":2,"minecraft:egg":1},"minecraft:crafted":{"minecraft:smooth_stone":3,"minecraft:oak_planks":444,"minecraft:raw_iron":108,"travelersbackpack:crafting_upgrade":1,"minecraft:birch_boat":2,"minecraft:cooked_chicken":2,"minecraft:birch_slab":18,"minecraft:furnace":10,"minecraft:blast_furnace":1,"minecraft:stone":6,"minecraft:bone_meal":66,"travelersbackpack:blank_upgrade":4,"travelersbackpack:gold_tier_upgrade":1,"minecraft:cooked_mutton":17,"minecraft:glass":42,"travelersbackpack:white_sleeping_bag":1,"minecraft:bow":1,"minecraft:iron_boots":1,"minecraft:iron_axe":2,"minecraft:stone_pickaxe":4,"minecraft:chest":4,"minecraft:stone_hoe":1,"minecraft:smoker":1,"travelersbackpack:diamond_tier_upgrade":1,"minecraft:raw_iron_block":9,"minecraft:minecart":1,"minecraft:wheat":313,"minecraft:cooked_beef":43,"travelersbackpack:iron_tier_upgrade":1,"minecraft:diamond_sword":1,"minecraft:cauldron":4,"minecraft:cooked_porkchop":84,"minecraft:crafting_table":8,"travelersbackpack:backpack_tank":4,"minecraft:iron_helmet":1,"minecraft:wooden_pickaxe":4,"travelersbackpack:standard":1,"minecraft:iron_sword":2,"minecraft:smithing_table":1,"minecraft:bucket":2,"minecraft:birch_planks":124,"minecraft:stone_axe":4,"minecraft:bread":78,"minecraft:air":107,"minecraft:wooden_hoe":1,"minecraft:iron_chestplate":2,"minecraft:diamond_pickaxe":1,"minecraft:charcoal":22,"minecraft:shield":3,"minecraft:polished_tuff_wall":2,"minecraft:stick":312,"minecraft:iron_ingot":262,"minecraft:iron_pickaxe":13,"minecraft:iron_block":3,"minecraft:stone_sword":4,"minecraft:iron_leggings":1,"minecraft:gold_ingot":31,"minecraft:stonecutter":1,"minecraft:anvil":1,"minecraft:white_bed":3,"minecraft:composter":2,"minecraft:torch":285},"minecraft:broken":{"minecraft:stone_sword":1,"minecraft:iron_pickaxe":10,"minecraft:wooden_hoe":1},"minecraft:used":{"minecraft:stone_sword":247,"minecraft:polished_tuff_wall":52,"minecraft:chest":2,"minecraft:shield":33,"minecraft:iron_sword":267,"minecraft:bell":2,"minecraft:stone_hoe":35,"minecraft:iron_chestplate":4,"minecraft:torch":262,"minecraft:dirt":195,"minecraft:anvil":1,"minecraft:tuff":83,"minecraft:lava_bucket":10,"minecraft:iron_axe":107,"minecraft:birch_sapling":20,"minecraft:iron_helmet":1,"minecraft:iron_boots":2,"minecraft:magma_block":1,"minecraft:bow":2,"minecraft:oak_sapling":1,"minecraft:furnace":24,"minecraft:minecart":9,"minecraft:egg":4,"minecraft:potato":115,"minecraft:cooked_beef":9,"minecraft:cobbled_deepslate":11,"minecraft:iron_leggings":2,"minecraft:pointed_dripstone":12,"minecraft:wheat_seeds":11,"minecraft:cooked_mutton":2,"minecraft:water_bucket":23,"minecraft:diorite":4,"minecraft:birch_planks":2,"minecraft:stone_pickaxe":280,"minecraft:birch_boat":13,"minecraft:wooden_pickaxe":49,"minecraft:composter":5,"minecraft:cauldron":7,"minecraft:stonecutter":2,"minecraft:deepslate_bricks":254,"minecraft:sand":2,"minecraft:rail":155,"minecraft:crafting_table":21,"minecraft:blast_furnace":1,"minecraft:white_bed":9,"minecraft:smoker":1,"minecraft:deepslate_tiles":1052,"minecraft:polished_tuff":121,"minecraft:oak_log":3,"minecraft:wooden_hoe":59,"minecraft:diamond_pickaxe":103,"minecraft:apple":1,"minecraft:bread":108,"minecraft:iron_pickaxe":2854,"minecraft:gravel":1,"minecraft:chiseled_tuff_bricks":18,"minecraft:stone_axe":200,"minecraft:diamond_sword":45,"travelersbackpack:standard":1,"minecraft:cobblestone":263,"minecraft:cooked_porkchop":19,"minecraft:smithing_table":1,"minecraft:bucket":36,"minecraft:yellow_bed":9,"minecraft:bone_meal":65},"minecraft:picked_up":{"minecraft:charcoal":3,"minecraft:crafting_table":19,"minecraft:iron_chestplate":5,"minecraft:wheat":4,"minecraft:polished_tuff_wall":1,"minecraft:chicken":9,"minecraft:chest_minecart":1,"minecraft:wooden_pickaxe":2,"minecraft:enchanted_book":1,"minecraft:shield":4,"minecraft:amethyst_block":1,"minecraft:string":19,"minecraft:iron_axe":3,"minecraft:raw_copper":13,"minecraft:iron_leggings":7,"minecraft:deepslate_tiles":73,"minecraft:cobbled_deepslate":1488,"minecraft:bucket":6,"minecraft:beef":63,"minecraft:iron_pickaxe":3,"minecraft:minecart":8,"minecraft:birch_sapling":22,"minecraft:furnace":23,"minecraft:iron_boots":6,"minecraft:egg":7,"minecraft:stick":159,"minecraft:raw_iron":303,"minecraft:oak_door":1,"minecraft:composter":7,"minecraft:copper_ingot":2,"minecraft:torch":76,"minecraft:porkchop":93,"minecraft:pointed_dripstone":117,"minecraft:diorite":18,"minecraft:redstone":142,"minecraft:cauldron":6,"minecraft:arrow":55,"minecraft:rotten_flesh":72,"minecraft:deepslate_bricks":1,"minecraft:hay_block":58,"minecraft:rail":194,"minecraft:mutton":43,"minecraft:white_wool":53,"minecraft:cobblestone":690,"minecraft:birch_log":112,"minecraft:magma_block":2,"minecraft:feather":19,"minecraft:cooked_beef":2,"minecraft:glow_ink_sac":2,"minecraft:water_bucket":3,"minecraft:andesite":5,"minecraft:brown_wool":1,"minecraft:leather":40,"minecraft:potato":139,"minecraft:birch_planks":90,"minecraft:tuff":307,"minecraft:oak_log":119,"minecraft:yellow_bed":9,"minecraft:cobblestone_stairs":1,"minecraft:gunpowder":11,"minecraft:lapis_lazuli":175,"minecraft:dirt":290,"minecraft:leather_boots":1,"minecraft:cooked_mutton":9,"minecraft:bone":52,"minecraft:apple":34,"minecraft:bow":6,"minecraft:stonecutter":1,"minecraft:wheat_seeds":36,"minecraft:bell":3,"minecraft:raw_gold":74,"minecraft:iron_ingot":22,"minecraft:stone_pickaxe":2,"minecraft:iron_sword":7,"minecraft:oak_planks":216,"minecraft:birch_boat":11,"minecraft:cooked_porkchop":6,"minecraft:pumpkin":2,"minecraft:raw_iron_block":3,"minecraft:dandelion":16,"minecraft:lava_bucket":1,"minecraft:dripstone_block":9,"minecraft:gravel":9,"minecraft:sand":44,"minecraft:amethyst_shard":8,"minecraft:spruce_sapling":2,"minecraft:blast_furnace":1,"minecraft:white_bed":8,"minecraft:spruce_log":37,"minecraft:spider_eye":3,"minecraft:polished_tuff":80,"travelersbackpack:standard":3,"minecraft:diamond":56,"minecraft:stone_axe":2,"minecraft:iron_helmet":6,"minecraft:granite":8,"minecraft:bread":87,"minecraft:emerald":2,"minecraft:oak_sapling":9,"minecraft:chiseled_tuff_bricks":5,"minecraft:coal":497,"minecraft:diamond_pickaxe":2},"minecraft:killed":{"minecraft:spider":15,"minecraft:slime":1,"minecraft:skeleton":21,"minecraft:horse":4,"minecraft:chicken":8,"minecraft:silverfish":13,"minecraft:drowned":1,"minecraft:pig":44,"minecraft:creeper":8,"minecraft:sheep":25,"minecraft:zombie":34,"minecraft:glow_squid":1,"minecraft:cow":28},"minecraft:mined":{"minecraft:farmland":8,"minecraft:deepslate_tiles":59,"minecraft:large_amethyst_bud":2,"minecraft:oak_sapling":1,"minecraft:tuff":253,"minecraft:white_bed":8,"minecraft:deepslate_diamond_ore":33,"minecraft:oak_door":1,"minecraft:cobblestone_stairs":1,"minecraft:granite":8,"minecraft:budding_amethyst":1,"minecraft:grass_block":70,"minecraft:deepslate_bricks":2,"minecraft:spruce_leaves":6,"minecraft:chiseled_tuff_bricks":5,"minecraft:composter":5,"minecraft:sandstone":3,"minecraft:large_fern":5,"minecraft:hay_block":42,"minecraft:raw_iron_block":3,"minecraft:magma_block":3,"minecraft:furnace":20,"minecraft:iron_ore":168,"minecraft:polished_tuff":72,"minecraft:andesite":7,"minecraft:pumpkin":2,"minecraft:deepslate_lapis_ore":5,"minecraft:bell":3,"minecraft:potatoes":23,"minecraft:dirt_path":28,"minecraft:pointed_dripstone":42,"minecraft:water_cauldron":2,"minecraft:deepslate_iron_ore":100,"minecraft:rail":192,"minecraft:stone":469,"minecraft:deepslate_redstone_ore":21,"minecraft:amethyst_cluster":2,"minecraft:dandelion":3,"travelersbackpack:standard":3,"minecraft:crafting_table":18,"minecraft:torch":5,"minecraft:short_grass":85,"minecraft:blast_furnace":1,"minecraft:emerald_ore":2,"minecraft:copper_ore":4,"minecraft:tall_grass":20,"minecraft:cobblestone":101,"minecraft:deepslate_gold_ore":43,"minecraft:lapis_ore":9,"minecraft:diorite":14,"minecraft:wall_torch":11,"minecraft:amethyst_block":1,"minecraft:cauldron":1,"minecraft:birch_planks":1,"minecraft:wheat":8,"minecraft:birch_log":100,"minecraft:spruce_log":37,"minecraft:birch_leaves":7,"minecraft:yellow_bed":9,"minecraft:oak_log":120,"minecraft:coal_ore":245,"minecraft:gravel":10,"minecraft:dirt":102,"minecraft:dripstone_block":1,"minecraft:sand":47,"minecraft:polished_tuff_wall":1,"minecraft:cobweb":8,"minecraft:stonecutter":1,"minecraft:oak_leaves":19,"minecraft:deepslate":1307,"minecraft:fern":1}},"DataVersion":3953}