{"stats":{"minecraft:custom":{"minecraft:interact_with_smithing_table":8,"minecraft:mob_kills":192,"minecraft:interact_with_crafting_table":72,"minecraft:leave_game":7,"minecraft:time_since_death":78155,"minecraft:climb_one_cm":980,"minecraft:sprint_one_cm":1034663,"minecraft:walk_one_cm":812401,"minecraft:damage_blocked_by_shield":530,"minecraft:drop":36,"minecraft:talked_to_villager":1,"minecraft:play_time":464928,"minecraft:sneak_time":28255,"minecraft:deaths":10,"minecraft:walk_under_water_one_cm":67213,"minecraft:jump":6019,"minecraft:walk_on_water_one_cm":47649,"minecraft:total_world_time":464928,"minecraft:interact_with_furnace":173,"minecraft:interact_with_stonecutter":10,"minecraft:sleep_in_bed":6,"minecraft:time_since_rest":53227,"minecraft:damage_taken":7877,"minecraft:damage_dealt":23497,"minecraft:player_kills":1,"minecraft:swim_one_cm":96294,"minecraft:fly_one_cm":784969,"minecraft:open_chest":89,"minecraft:crouch_one_cm":107813,"minecraft:fall_one_cm":158616,"minecraft:use_cauldron":1},"minecraft:picked_up":{"minecraft:charcoal":3,"minecraft:crafting_table":18,"minecraft:iron_chestplate":2,"minecraft:chicken":9,"minecraft:wooden_pickaxe":2,"minecraft:enchanted_book":1,"minecraft:shield":3,"minecraft:amethyst_block":1,"minecraft:string":10,"minecraft:raw_copper":13,"minecraft:iron_leggings":4,"minecraft:deepslate_tiles":30,"minecraft:cobbled_deepslate":1157,"minecraft:bucket":2,"minecraft:beef":60,"minecraft:iron_pickaxe":2,"minecraft:birch_sapling":4,"minecraft:furnace":19,"minecraft:iron_boots":3,"minecraft:egg":7,"minecraft:stick":149,"minecraft:raw_iron":209,"minecraft:copper_ingot":2,"minecraft:torch":61,"minecraft:porkchop":93,"minecraft:pointed_dripstone":117,"minecraft:diorite":18,"minecraft:redstone":133,"minecraft:cauldron":6,"minecraft:arrow":37,"minecraft:rotten_flesh":53,"minecraft:deepslate_bricks":1,"minecraft:hay_block":51,"minecraft:mutton":43,"minecraft:white_wool":51,"minecraft:cobblestone":556,"minecraft:birch_log":24,"minecraft:magma_block":2,"minecraft:feather":19,"minecraft:cooked_beef":2,"minecraft:glow_ink_sac":2,"minecraft:water_bucket":1,"minecraft:andesite":5,"minecraft:brown_wool":1,"minecraft:leather":39,"minecraft:potato":14,"minecraft:tuff":173,"minecraft:oak_log":114,"minecraft:gunpowder":6,"minecraft:lapis_lazuli":175,"minecraft:dirt":174,"minecraft:leather_boots":1,"minecraft:cooked_mutton":9,"minecraft:bone":41,"minecraft:apple":34,"minecraft:bow":4,"minecraft:stonecutter":1,"minecraft:wheat_seeds":8,"minecraft:raw_gold":67,"minecraft:iron_ingot":18,"minecraft:stone_pickaxe":2,"minecraft:iron_sword":3,"minecraft:oak_planks":216,"minecraft:cooked_porkchop":6,"minecraft:pumpkin":2,"minecraft:dandelion":1,"minecraft:lava_bucket":1,"minecraft:dripstone_block":9,"minecraft:gravel":5,"minecraft:sand":44,"minecraft:amethyst_shard":8,"minecraft:spruce_sapling":2,"minecraft:white_bed":2,"minecraft:spruce_log":37,"minecraft:spider_eye":2,"minecraft:polished_tuff":77,"minecraft:diamond":37,"minecraft:stone_axe":2,"minecraft:iron_helmet":3,"minecraft:granite":8,"minecraft:bread":53,"minecraft:emerald":2,"minecraft:oak_sapling":7,"minecraft:coal":492},"minecraft:used":{"minecraft:stone_sword":247,"minecraft:chest":2,"minecraft:shield":23,"minecraft:iron_sword":201,"minecraft:iron_chestplate":2,"minecraft:torch":222,"minecraft:dirt":48,"minecraft:lava_bucket":3,"minecraft:iron_axe":1,"minecraft:birch_sapling":2,"minecraft:iron_helmet":1,"minecraft:iron_boots":1,"minecraft:magma_block":1,"minecraft:bow":2,"minecraft:furnace":22,"minecraft:egg":4,"minecraft:cooked_beef":9,"minecraft:cobbled_deepslate":1,"minecraft:pointed_dripstone":12,"minecraft:cooked_mutton":2,"minecraft:water_bucket":4,"minecraft:diorite":4,"minecraft:stone_pickaxe":280,"minecraft:wooden_pickaxe":49,"minecraft:cauldron":3,"minecraft:stonecutter":2,"minecraft:deepslate_bricks":254,"minecraft:sand":2,"minecraft:crafting_table":20,"minecraft:white_bed":2,"minecraft:deepslate_tiles":531,"minecraft:polished_tuff":121,"minecraft:oak_log":3,"minecraft:apple":1,"minecraft:bread":75,"minecraft:iron_pickaxe":1954,"minecraft:stone_axe":200,"minecraft:cobblestone":263,"minecraft:cooked_porkchop":19,"minecraft:smithing_table":1,"minecraft:bucket":8},"minecraft:crafted":{"minecraft:oak_planks":444,"travelersbackpack:crafting_upgrade":1,"minecraft:cooked_chicken":2,"minecraft:furnace":10,"minecraft:stone":3,"travelersbackpack:blank_upgrade":4,"travelersbackpack:gold_tier_upgrade":1,"minecraft:cooked_mutton":17,"minecraft:glass":42,"travelersbackpack:white_sleeping_bag":1,"minecraft:iron_boots":1,"minecraft:iron_axe":1,"minecraft:stone_pickaxe":4,"minecraft:chest":4,"travelersbackpack:diamond_tier_upgrade":1,"minecraft:minecart":1,"minecraft:wheat":234,"minecraft:cooked_beef":43,"travelersbackpack:iron_tier_upgrade":1,"minecraft:cooked_porkchop":84,"minecraft:crafting_table":8,"travelersbackpack:backpack_tank":4,"minecraft:iron_helmet":1,"minecraft:wooden_pickaxe":4,"travelersbackpack:standard":1,"minecraft:iron_sword":2,"minecraft:smithing_table":1,"minecraft:bucket":2,"minecraft:birch_planks":48,"minecraft:stone_axe":4,"minecraft:bread":78,"minecraft:air":0,"minecraft:iron_chestplate":2,"minecraft:charcoal":22,"minecraft:shield":3,"minecraft:stick":308,"minecraft:iron_ingot":118,"minecraft:iron_pickaxe":10,"minecraft:stone_sword":4,"minecraft:iron_leggings":1,"minecraft:gold_ingot":31,"minecraft:stonecutter":1,"minecraft:white_bed":2,"minecraft:torch":280},"minecraft:killed":{"minecraft:spider":13,"minecraft:slime":1,"minecraft:skeleton":14,"minecraft:horse":4,"minecraft:chicken":8,"minecraft:silverfish":13,"minecraft:drowned":1,"minecraft:pig":44,"minecraft:creeper":6,"minecraft:sheep":25,"minecraft:zombie":25,"minecraft:glow_squid":1,"minecraft:cow":27},"minecraft:broken":{"minecraft:stone_sword":1,"minecraft:iron_pickaxe":6},"minecraft:dropped":{"minecraft:wheat_seeds":5,"minecraft:cooked_beef":1,"minecraft:dripstone_block":4,"minecraft:feather":3,"minecraft:apple":7,"minecraft:stick":5,"minecraft:dirt":5,"minecraft:diorite":2,"minecraft:mutton":14,"minecraft:iron_pickaxe":1,"minecraft:string":1,"minecraft:gravel":5,"minecraft:furnace":1,"minecraft:stone_axe":1,"minecraft:stone_sword":1,"minecraft:chicken":2,"minecraft:rotten_flesh":10,"minecraft:oak_planks":1,"minecraft:spider_eye":1,"minecraft:arrow":1,"minecraft:stone_pickaxe":1,"minecraft:wooden_pickaxe":2,"minecraft:egg":1},"minecraft:killed_by":{"minecraft:spider":2,"minecraft:skeleton":1,"minecraft:zombie":4},"minecraft:mined":{"minecraft:deepslate_tiles":31,"minecraft:large_amethyst_bud":2,"minecraft:tuff":108,"minecraft:white_bed":2,"minecraft:deepslate_diamond_ore":14,"minecraft:granite":8,"minecraft:budding_amethyst":1,"minecraft:grass_block":49,"minecraft:deepslate_bricks":2,"minecraft:spruce_leaves":6,"minecraft:sandstone":3,"minecraft:large_fern":5,"minecraft:hay_block":35,"minecraft:magma_block":3,"minecraft:furnace":16,"minecraft:iron_ore":168,"minecraft:polished_tuff":69,"minecraft:andesite":7,"minecraft:pumpkin":2,"minecraft:deepslate_lapis_ore":5,"minecraft:pointed_dripstone":42,"minecraft:water_cauldron":2,"minecraft:deepslate_iron_ore":6,"minecraft:stone":335,"minecraft:deepslate_redstone_ore":19,"minecraft:amethyst_cluster":2,"minecraft:crafting_table":17,"minecraft:torch":2,"minecraft:short_grass":69,"minecraft:emerald_ore":2,"minecraft:copper_ore":4,"minecraft:tall_grass":13,"minecraft:cobblestone":101,"minecraft:deepslate_gold_ore":36,"minecraft:lapis_ore":9,"minecraft:diorite":14,"minecraft:wall_torch":10,"minecraft:amethyst_block":1,"minecraft:cauldron":1,"minecraft:birch_log":12,"minecraft:spruce_log":37,"minecraft:birch_leaves":7,"minecraft:oak_log":115,"minecraft:coal_ore":245,"minecraft:gravel":6,"minecraft:dirt":56,"minecraft:dripstone_block":1,"minecraft:sand":47,"minecraft:stonecutter":1,"minecraft:oak_leaves":19,"minecraft:deepslate":985,"minecraft:fern":1}},"DataVersion":3953}